OrderDetailsID,OrderID,ProductID,Quantity,Date,PriceApplied,CostApplied
1,Ord-01,1,3,02/08/2025 15:23,9000,2371.03
4,Ord-03,9,2,03/08/2025 00:00,8500,2371.03
5,Ord-04,4,1,05/08/2025 00:00,9000,1935.93
6,Ord-05,1,2,05/08/2025 00:00,9000,2371.03
7,Ord-06,9,4,05/08/2025 00:00,8500,2371.03
12,Ord-11,9,2,05/08/2025 00:00,8500,2371.03
13,Ord-12,9,1,05/08/2025 00:00,8500,2371.03
14,Ord-12,12,1,05/08/2025 00:00,8500,2374.8
15,Ord-13,9,2,06/08/2025 00:00,8500,2371.03
16,Ord-14,9,2,06/08/2025 00:00,8500,2371.03
17,Ord-15,9,2,06/08/2025 00:00,8500,2371.03
18,Ord-16,3,1,07/08/2025 00:00,9000,2521.44
19,Ord-16,1,1,07/08/2025 00:00,9000,2371.03
20,Ord-17,2,1,07/08/2025 00:00,9000,2374.8
21,Ord-17,1,1,07/08/2025 00:00,9000,2371.03
22,Ord-18,2,1,08/08/2025 00:00,9000,2374.8
23,Ord-18,3,1,08/08/2025 00:00,9000,2521.44
24,Ord-19,5,2,08/08/2025 00:00,5600,1512.94
25,Ord-20,6,1,08/08/2025 00:00,7200,1813.27
26,Ord-21,3,1,08/08/2025 00:00,9000,2521.44
27,Ord-21,5,1,08/08/2025 00:00,5600,1512.94
28,Ord-22,6,1,11/08/2025 00:00,7200,1813.27
29,Ord-22,5,1,11/08/2025 00:00,5600,1512.94
30,Ord-22,7,1,11/08/2025 00:00,5200,1414.88
31,Ord-23,7,2,11/08/2025 00:00,5200,1414.88
32,Ord-23,5,2,11/08/2025 00:00,5600,1512.94
33,Ord-24,1,1,13/08/2025 00:00,9000,2371.03
34,Ord-24,2,1,13/08/2025 00:00,9000,2374.8
35,Ord-25,9,2,13/08/2025 00:00,8500,2371.03
36,Ord-26,9,2,13/08/2025 00:00,8500,2371.03
37,Ord-27,9,2,13/08/2025 00:00,8500,2371.03
38,Ord-28,1,1,13/08/2025 00:00,9000,2371.03
39,Ord-29,9,2,15/08/2025 00:00,8500,2371.03
40,Ord-30,9,2,15/08/2025 00:00,8500,2371.03
41,Ord-31,9,2,15/08/2025 00:00,8500,2371.03
42,Ord-32,4,2,19/08/2025 00:00,9000,1935.93
43,Ord-33,7,1,19/08/2025 00:00,5200,1414.88
44,Ord-33,9,2,19/08/2025 00:00,8500,2371.03
45,Ord-34,9,2,19/08/2025 00:00,8500,2371.03
46,Ord-35,1,1,19/08/2025 00:00,9000,2371.03
47,Ord-35,5,1,25/08/2025 00:00,5600,1512.94
48,Ord-35,7,1,25/08/2025 00:00,5200,1414.88
49,Ord-36,8,1,25/08/2025 00:00,9000,2371.03
50,Ord-36,5,1,25/08/2025 00:00,5600,1512.94
51,Ord-37,7,1,25/08/2025 00:00,5200,1414.88
52,Ord-37,1,1,25/08/2025 00:00,9000,2371.03
53,Ord-38,8,2,26/08/2025 00:00,9000,2371.03
54,Ord-38,1,1,26/08/2025 00:00,9000,2371.03
55,Ord-39,1,1,26/08/2025 00:00,9000,2371.03
56,Ord-39,3,1,28/08/2025 00:00,9000,2521.44
57,Ord-39,2,1,28/08/2025 00:00,9000,2374.8
58,Ord-39,5,1,28/08/2025 00:00,5600,1512.94
59,Ord-40,1,1,28/08/2025 00:00,9000,2371.03
60,Ord-40,8,1,28/08/2025 00:00,9000,2371.03
61,Ord-40,5,1,30/08/2025 00:00,5600,1512.94
62,Ord-40,6,1,30/08/2025 00:00,7200,1813.27
63,Ord-41,9,2,30/08/2025 00:00,8500,2371.03
64,Ord-42,1,1,30/08/2025 00:00,9000,2371.03
65,Ord-43,1,2,30/08/2025 00:00,9000,2371.03
66,Ord-43,5,4,02/08/2025 15:23,5600,1512.94
67,Ord-43,7,2,02/08/2025 15:23,5200,1414.88
68,Ord-43,6,2,02/08/2025 15:23,7200,1813.27
69,Ord-44,9,2,02/08/2025 15:23,8500,2371.03
70,Ord-44,5,1,02/08/2025 15:23,5600,1512.94
71,Ord-45,9,2,02/08/2025 15:23,8500,2371.03
72,Ord-46,9,6,02/08/2025 15:23,8500,2371.03
73,Ord-47,8,1,02/08/2025 15:23,9000,2371.03
74,Ord-47,1,1,02/08/2025 15:23,9000,2371.03
75,Ord-47,7,2,02/08/2025 15:23,5200,1414.88
76,Ord-48,1,1,02/08/2025 15:23,9000,2371.03
77,Ord-48,5,2,02/08/2025 15:23,5600,1512.94
78,Ord-49,9,2,02/08/2025 15:23,8500,2371.03
79,Ord-49,8,1,02/08/2025 15:23,9000,2371.03
80,Ord-50,7,4,02/08/2025 15:23,5200,1414.88
81,Ord-50,9,4,02/08/2025 15:23,8500,2371.03
82,Ord-51,9,2,02/08/2025 15:23,8500,2371.03
83,Ord-51,3,1,02/08/2025 15:23,9000,2521.44
84,Ord-52,9,2,02/08/2025 15:23,8500,2371.03
85,Ord-53,9,2,02/08/2025 15:23,8500,2371.03
86,Ord-54,9,2,02/08/2025 15:23,8500,2371.03
87,Ord-54,8,1,02/08/2025 15:23,9000,2371.03
89,Ord-55,4,1,02/08/2025 15:23,9000,1935.93
90,Ord-55,5,1,02/08/2025 15:23,5600,1512.94
91,Ord-55,9,2,02/08/2025 15:23,8500,2371.03
92,Ord-12,9,2,02/08/2025 15:23,8500,2371.03
93,Ord-56,9,2,02/08/2025 15:23,8500,2371.03
94,Ord-57,5,1,02/08/2025 15:23,5600,1512.94
95,Ord-13,4,1,02/08/2025 15:23,9000,1935.93
96,Ord-18,9,2,02/08/2025 15:23,8500,2371.03
97,Ord-18,3,1,02/08/2025 15:23,9000,2521.44
98,Ord-58,9,2,02/08/2025 15:23,8500,2371.03
99,Ord-59,1,1,02/08/2025 15:23,9000,2371.03
100,Ord-60,4,1,02/08/2025 15:23,9000,1935.93
101,Ord-61,2,1,02/08/2025 15:23,9000,2374.8
102,Ord-61,6,1,02/08/2025 15:23,7200,1813.27
103,Ord-62,8,1,02/08/2025 15:23,9000,2371.03
104,Ord-63,9,2,02/08/2025 15:23,8500,2371.03
105,Ord-64,9,6,02/08/2025 15:23,8500,2371.03
106,Ord-64,1,2,02/08/2025 15:23,9000,2371.03
107,Ord-64,4,1,02/08/2025 15:23,9000,1935.93
108,Ord-64,2,1,02/08/2025 15:23,9000,2374.8
109,Ord-64,5,1,02/08/2025 15:23,5600,1512.94
110,Ord-65,3,1,02/08/2025 15:23,9000,2521.44
111,Ord-65,6,1,02/08/2025 15:23,7200,1813.27
112,Ord-65,5,1,02/08/2025 15:23,5600,1512.94
113,Ord-66,9,2,02/08/2025 15:23,8500,2371.03
114,Ord-67,8,2,02/08/2025 15:23,9000,2371.03
115,Ord-67,9,2,02/08/2025 15:23,8500,2371.03
116,Ord-68,1,1,02/08/2025 15:23,9000,2371.03
117,Ord-69,9,2,02/08/2025 15:23,8500,2371.03
118,Ord-69,3,1,02/08/2025 15:23,9000,2521.44
119,Ord-70,9,2,02/08/2025 15:23,8500,2371.03
120,Ord-71,1,1,02/08/2025 15:23,9000,2371.03
121,Ord-72,9,2,02/08/2025 15:23,8500,2371.03
122,Ord-72,5,1,02/08/2025 15:23,5600,1512.94
123,Ord-73,9,2,02/08/2025 15:23,8500,2371.03
124,Ord-43,8,1,02/08/2025 15:23,9000,2371.03
125,Ord-43,12,2,02/08/2025 15:23,8500,2374.8
126,Ord-43,9,2,02/08/2025 15:23,8500,2371.03
127,Ord-43,6,2,02/08/2025 15:23,7200,1813.27
128,Ord-43,5,1,02/08/2025 15:23,5600,1512.94
129,Ord-74,11,1,02/08/2025 15:23,8500,2521.44
132,Ord-74,12,1,02/08/2025 15:23,8500,2374.8
131,Ord-74,9,1,02/08/2025 15:23,8500,2371.03
130,Ord-74,10,1,02/08/2025 15:23,8500,1935.93
134,Ord-75,8,2,02/08/2025 15:23,9000,2371.03
133,Ord-75,6,2,02/08/2025 15:23,7200,1813.27
135,Ord-76,9,10,02/08/2025 15:23,8500,2371.03
137,Ord-77,11,1,02/08/2025 15:23,8500,2521.44
136,Ord-77,9,1,02/08/2025 15:23,8500,2371.03
138,Ord-78,1,1,02/08/2025 15:23,9000,2371.03
139,Ord-79,9,2,02/08/2025 15:23,8500,2371.03
140,Ord-79,4,1,02/08/2025 15:23,9000,1935.93
141,Ord-80,9,2,02/08/2025 15:23,8500,2371.03
144,Ord-82,1,1,02/08/2025 15:23,9000,2371.03
145,Ord-83,5,1,02/08/2025 15:23,5600,1512.94
146,Ord-84,9,1,02/08/2025 15:23,8500,2371.03
147,Ord-84,12,1,02/08/2025 15:23,8500,2374.8
148,Ord-84,5,1,02/08/2025 15:23,5600,1512.94
149,Ord-85,6,1,02/08/2025 15:23,7200,1813.27
150,Ord-85,8,1,02/08/2025 15:23,9000,2371.03
151,Ord-86,3,1,02/08/2025 15:23,9000,2521.44
152,Ord-81,9,1,02/08/2025 15:23,8500,2371.03
153,Ord-81,10,1,02/08/2025 15:23,8500,1935.93
154,Ord-87,9,1,02/08/2025 15:23,8500,2371.03
155,Ord-87,11,1,02/08/2025 15:23,8500,2521.44
156,Ord-88,9,1,02/08/2025 15:23,8500,2371.03
157,Ord-88,12,1,02/08/2025 15:23,8500,2374.8
158,Ord-89,1,1,02/08/2025 15:23,9000,2371.03
159,Ord-89,5,1,02/08/2025 15:23,5600,1512.94
160,Ord-90,8,4,02/08/2025 15:23,9000,2371.03
162,Ord-91,11,2,02/08/2025 15:23,8500,2521.44
161,Ord-91,9,2,02/08/2025 15:23,8500,2371.03
163,Ord-92,9,2,02/08/2025 15:23,8500,2371.03
164,Ord-93,4,1,02/08/2025 15:23,9000,1935.93
170,Ord-94,5,1,02/08/2025 15:23,5600,1512.94
166,Ord-94,10,1,02/08/2025 15:23,8500,1935.93
169,Ord-94,7,1,02/08/2025 15:23,5200,1414.88
168,Ord-94,8,3,02/08/2025 15:23,9000,2371.03
167,Ord-94,2,1,02/08/2025 15:23,9000,2374.8
165,Ord-94,9,1,02/08/2025 15:23,8500,2371.03
171,Ord-95,2,1,02/08/2025 15:23,9000,2374.8
172,Ord-96,1,1,02/08/2025 15:23,9000,2371.03
173,Ord-96,7,1,02/08/2025 15:23,5200,1414.88
174,Ord-97,8,2,02/08/2025 15:23,9000,2371.03
176,Ord-98,5,1,02/08/2025 15:23,5600,1512.94
175,Ord-98,1,1,02/08/2025 15:23,9000,2371.03
177,Ord-99,1,1,02/08/2025 15:23,9000,2371.03
178,Ord-99,6,1,02/08/2025 15:23,7200,1813.27
179,Ord-100,9,1,02/08/2025 15:23,8500,2371.03
180,Ord-100,11,1,02/08/2025 15:23,8500,2521.44
181,Ord-100,2,1,02/08/2025 15:23,9000,2374.8
182,Ord-101,1,1,02/08/2025 15:23,9000,2371.03
183,Ord-102,9,1,02/08/2025 15:23,8500,2371.03
184,Ord-102,12,1,02/08/2025 15:23,8500,2374.8
185,Ord-103,1,1,02/08/2025 15:23,9000,2371.03
186,Ord-104,1,1,02/08/2025 15:23,9000,2371.03
187,Ord-104,5,1,02/08/2025 15:23,5600,1512.94
188,Ord-105,1,2,02/08/2025 15:23,9000,2371.03
189,Ord-106,1,1,02/08/2025 15:23,9000,2371.03
190,Ord-107,1,2,02/08/2025 15:23,9000,2371.03
191,Ord-108,5,1,02/08/2025 15:23,5600,1512.94
192,Ord-109,1,1,02/08/2025 15:23,9000,2371.03
193,Ord-109,8,1,02/08/2025 15:23,9000,2371.03
194,Ord-110,9,2,02/08/2025 15:23,8500,2371.03
195,Ord-111,9,1,02/08/2025 15:23,8500,2371.03
196,Ord-111,11,1,02/08/2025 15:23,8500,2521.44
198,Ord-112,11,1,02/08/2025 15:23,8500,2521.44
197,Ord-112,9,1,02/08/2025 15:23,8500,2371.03
199,Ord-113,5,1,02/08/2025 15:23,5600,1512.94
200,Ord-113,6,1,02/08/2025 15:23,7200,1813.27
203,Ord-114,11,1,02/08/2025 15:23,8500,2521.44
201,Ord-114,1,1,02/08/2025 15:23,9000,2371.03
202,Ord-114,9,1,02/08/2025 15:23,8500,2371.03
204,Ord-115,1,1,02/08/2025 15:23,9000,2371.03
205,Ord-116,1,1,02/08/2025 15:23,9000,2371.03
206,Ord-117,8,1,02/08/2025 15:23,9000,2371.03
207,Ord-118,9,1,02/08/2025 15:23,8500,2371.03
208,Ord-118,11,1,02/08/2025 15:23,8500,2521.44
209,Ord-119,9,1,02/08/2025 15:23,8500,2371.03
210,Ord-119,10,1,02/08/2025 15:23,8500,1935.93
211,Ord-120,8,1,02/08/2025 15:23,9000,2371.03
214,Ord-120,6,1,02/08/2025 15:23,7200,1813.27
213,Ord-120,7,2,02/08/2025 15:23,5200,1414.88
212,Ord-120,5,1,02/08/2025 15:23,5600,1512.94
216,Ord-121,6,1,02/08/2025 15:23,7200,1813.27
215,Ord-121,5,1,02/08/2025 15:23,5600,1512.94
217,Ord-122,5,1,02/08/2025 15:23,5600,1512.94
218,Ord-122,1,1,02/08/2025 15:23,9000,2371.03
219,Ord-123,10,1,02/08/2025 15:23,8500,1935.93
220,Ord-123,9,1,02/08/2025 15:23,8500,2371.03
221,Ord-123,5,1,02/08/2025 15:23,5600,1512.94
261,Ord-124,1,1,02/08/2025 15:23,9000,2371.03
262,Ord-124,6,1,02/08/2025 15:23,7200,1813.27
225,Ord-125,5,1,02/08/2025 15:23,5600,1512.94
224,Ord-125,9,2,02/08/2025 15:23,8500,2371.03
226,Ord-126,9,2,02/08/2025 15:23,8500,2371.03
227,Ord-126,3,1,02/08/2025 15:23,9000,2521.44
228,Ord-127,2,1,02/08/2025 15:23,9000,2374.8
229,Ord-127,2,1,02/08/2025 15:23,9000,2374.8
230,Ord-128,10,2,02/08/2025 15:23,8500,1935.93
231,Ord-129,1,1,02/08/2025 15:23,9000,2371.03
234,Ord-130,9,1,02/08/2025 15:23,8500,2371.03
233,Ord-130,5,1,02/08/2025 15:23,5600,1512.94
232,Ord-130,8,1,02/08/2025 15:23,9000,2371.03
235,Ord-130,12,1,02/08/2025 15:23,8500,2374.8
237,Ord-131,7,1,02/08/2025 15:23,5200,1414.88
238,Ord-131,8,1,02/08/2025 15:23,9000,2371.03
236,Ord-131,5,1,02/08/2025 15:23,5600,1512.94
239,Ord-132,1,1,02/08/2025 15:23,9000,2371.03
241,Ord-133,5,2,02/08/2025 15:23,5600,1512.94
240,Ord-133,1,2,02/08/2025 15:23,9000,2371.03
242,Ord-134,5,2,02/08/2025 15:23,5600,1512.94
244,Ord-134,8,2,02/08/2025 15:23,9000,2371.03
243,Ord-134,6,2,02/08/2025 15:23,7200,1813.27
245,Ord-135,3,1,02/08/2025 15:23,9000,2521.44
247,Ord-136,2,4,02/08/2025 15:23,9000,2374.8
246,Ord-136,1,8,02/08/2025 15:23,9000,2371.03
248,Ord-136,3,4,02/08/2025 15:23,9000,2521.44
249,Ord-136,4,4,02/08/2025 15:23,9000,1935.93
251,Ord-137,12,1,02/08/2025 15:23,8500,2374.8
250,Ord-137,11,1,02/08/2025 15:23,8500,2521.44
252,Ord-138,1,2,02/08/2025 15:23,9000,2371.03
256,Ord-142,8,4,02/08/2025 15:23,9000,2371.03
257,Ord-143,5,10,02/08/2025 15:23,5600,1512.94
258,Ord-144,1,14,02/08/2025 15:23,9000,2371.03
259,Ord-144,2,3,02/08/2025 15:23,9000,2374.8
260,Ord-144,3,3,02/08/2025 15:23,9000,2521.44
263,Ord-145,2,1,28/08/2025 14:56,9000,2374.8
264,Ord-146,9,1,28/08/2025 14:56,8500,2371.03
265,Ord-146,10,1,28/08/2025 14:57,8500,1935.93
266,Ord-147,9,1,28/08/2025 14:57,8500,2371.03
267,Ord-147,12,1,28/08/2025 14:57,8500,2374.8
268,Ord-148,8,2,28/08/2025 14:58,9000,2371.03
269,Ord-149,9,1,28/08/2025 14:59,8500,2371.03
270,Ord-149,11,1,28/08/2025 14:59,8500,2521.44
271,Ord-149,6,1,28/08/2025 14:59,7200,1813.27
272,Ord-149,5,1,28/08/2025 14:59,5600,1512.94
273,Ord-149,7,1,28/08/2025 14:59,5200,1414.88
274,Ord-150,2,1,29/08/2025 12:40,9000,2374.8
275,Ord-151,1,1,31/08/2025 16:03,9000,2371.03
276,Ord-152,1,1,31/08/2025 16:04,9000,2371.03
277,Ord-153,10,1,31/08/2025 16:05,8500,1935.93
278,Ord-153,9,1,31/08/2025 16:06,8500,2371.03
279,Ord-154,2,1,31/08/2025 16:13,9000,2374.8
282,Ord-155,7,1,31/08/2025 16:31,5200,1414.88
281,Ord-155,5,1,31/08/2025 16:31,5600,1512.94
280,Ord-155,1,1,31/08/2025 16:31,9000,2371.03
283,Ord-156,11,1,31/08/2025 16:34,8500,2521.44
284,Ord-156,9,1,31/08/2025 16:34,8500,2371.03
285,Ord-157,1,1,31/08/2025 16:35,9000,2371.03
286,Ord-158,9,1,31/08/2025 16:36,8500,2371.03
288,Ord-158,2,1,31/08/2025 16:37,9000,2374.8
287,Ord-158,11,1,31/08/2025 16:37,8500,2521.44
289,Ord-158,5,2,31/08/2025 16:37,5600,1512.94
290,Ord-159,11,1,31/08/2025 16:40,8500,2521.44
291,Ord-159,10,1,31/08/2025 16:40,8500,1935.93
292,Ord-160,1,1,31/08/2025 16:41,9000,2371.03
293,Ord-160,5,1,31/08/2025 16:42,5600,1512.94
294,Ord-161,9,2,31/08/2025 16:43,8500,2371.03
295,Ord-162,1,1,31/08/2025 16:43,9000,2371.03
296,Ord-163,9,1,31/08/2025 16:44,8500,2371.03
298,Ord-163,11,1,31/08/2025 16:45,8500,2521.44
297,Ord-163,10,1,31/08/2025 16:45,8500,1935.93
299,Ord-163,12,1,31/08/2025 16:45,8500,2374.8
301,Ord-164,12,1,31/08/2025 16:46,8500,2374.8
300,Ord-164,9,1,31/08/2025 16:46,8500,2371.03
302,Ord-165,9,2,31/08/2025 16:47,8500,2371.03
303,Ord-166,2,1,31/08/2025 16:48,9000,2374.8
305,Ord-167,12,1,31/08/2025 16:50,8500,2374.8
304,Ord-167,9,1,31/08/2025 16:50,8500,2371.03
306,Ord-167,3,1,31/08/2025 16:50,9000,2521.44
307,Ord-168,4,1,31/08/2025 16:51,9000,1935.93
308,Ord-169,1,1,31/08/2025 16:52,9000,2371.03
309,Ord-170,1,1,31/08/2025 16:53,9000,2371.03
310,Ord-171,1,1,31/08/2025 16:54,9000,2371.03
313,Ord-172,3,1,30/08/2025 14:00,9000,2521.44
312,Ord-172,2,1,30/08/2025 14:00,9000,2374.8
311,Ord-172,1,1,30/08/2025 14:00,9000,2371.03
314,Ord-173,1,2,30/08/2025 18:38,9000,2371.03
317,Ord-175,1,1,31/08/2025 19:20,9000,2371.03
318,Ord-176,4,1,31/08/2025 19:00,9000,1935.93
319,Ord-177,2,1,31/08/2025 17:30,9000,2374.8
320,Ord-178,1,1,31/08/2025 17:31,9000,2371.03
321,Ord-179,1,1,28/08/2025 16:31,9000,2371.03
322,Ord-180,1,1,30/08/2025 11:18,9000,2371.03
323,Ord-180,3,1,30/08/2025 11:18,9000,2521.44
325,Ord-182,3,1,30/08/2025 12:40,9000,2521.44
326,Ord-182,5,1,30/08/2025 12:40,5600,1512.94
329,Ord-184,1,1,30/08/2025 13:49,9000,2371.03
330,Ord-184,2,1,30/08/2025 13:49,9000,2374.8
331,Ord-185,1,2,31/08/2025 14:50,9000,2371.03
332,Ord-186,1,3,31/08/2025 19:45,9000,2371.03
334,Ord-187,3,1,31/08/2025 20:27,9000,2521.44
333,Ord-187,2,1,31/08/2025 20:27,9000,2374.8
335,Ord-188,1,4,31/08/2025 22:04,9000,2371.03
336,Ord-189,9,2,31/08/2025 14:50,8500,2371.03
337,Ord-189,11,2,31/08/2025 14:50,8500,2521.44
338,Ord-190,9,1,31/08/2025 14:50,8500,2371.03
339,Ord-190,12,1,31/08/2025 14:50,8500,2374.8
340,Ord-191,1,1,31/08/2025 14:50,9000,2371.03
342,Ord-192,9,1,31/08/2025 14:50,8500,2371.03
343,Ord-192,12,1,31/08/2025 14:50,8500,2374.8
344,Ord-193,9,2,31/08/2025 14:50,8500,2371.03
345,Ord-194,9,1,31/08/2025 14:50,8500,2371.03
346,Ord-194,11,1,31/08/2025 14:50,8500,2521.44
347,Ord-194,4,1,31/08/2025 14:50,9000,1935.93
348,Ord-195,9,2,31/08/2025 14:50,8500,2371.03
349,Ord-196,1,1,31/08/2025 14:50,9000,2371.03
350,Ord-197,1,1,31/08/2025 14:50,9000,2371.03
351,Ord-198,9,2,31/08/2025 14:50,8500,2371.03
352,Ord-199,4,1,31/08/2025 14:50,9000,1935.93
353,Ord-200,9,1,31/08/2025 14:50,8500,2371.03
354,Ord-200,11,1,31/08/2025 14:50,8500,2521.44
355,Ord-201,1,8,31/08/2025 14:50,9000,2371.03
356,Ord-201,2,4,31/08/2025 14:50,9000,2374.8
357,Ord-201,3,4,31/08/2025 14:50,9000,2521.44
358,Ord-201,4,4,31/08/2025 14:50,9000,1935.93
359,Ord-202,9,1,10/09/2025 10:13,8500,2371.03
360,Ord-202,2,1,10/09/2025 10:13,9000,2374.8
361,Ord-203,9,1,10/09/2025 10:14,8500,2371.03
362,Ord-203,2,1,10/09/2025 10:14,9000,2374.8
363,Ord-204,1,1,10/09/2025 10:14,9000,2371.03
364,Ord-205,9,1,10/09/2025 10:16,8500,2371.03
365,Ord-205,2,1,10/09/2025 10:16,9000,2374.8
366,Ord-206,9,2,10/09/2025 10:17,8500,2371.03
367,Ord-207,9,1,10/09/2025 10:19,8500,2371.03
368,Ord-207,10,1,10/09/2025 10:19,8500,1935.93
369,Ord-207,3,1,10/09/2025 10:19,9000,2521.44
370,Ord-208,9,2,10/09/2025 10:20,8500,2371.03
371,Ord-209,1,1,10/09/2025 10:20,9000,2371.03
372,Ord-210,1,1,10/09/2025 10:22,9000,2371.03
373,Ord-211,9,2,10/09/2025 10:23,8500,2371.03
374,Ord-212,9,2,10/09/2025 10:43,8500,2371.03
375,Ord-212,5,1,10/09/2025 10:43,5600,1512.94
376,Ord-213,9,2,10/09/2025 10:44,8500,2371.03
377,Ord-214,11,1,10/09/2025 10:45,8500,2521.44
378,Ord-214,12,1,10/09/2025 10:45,8500,2374.8
379,Ord-215,1,1,10/09/2025 10:46,9000,2371.03
380,Ord-216,6,2,10/09/2025 10:46,7200,1813.27
381,Ord-216,9,2,10/09/2025 10:47,8500,2371.03
382,Ord-217,1,1,10/09/2025 10:47,9000,2371.03
383,Ord-218,1,1,10/09/2025 10:51,9000,2371.03
384,Ord-219,10,1,10/09/2025 10:54,8500,1935.93
385,Ord-219,9,1,10/09/2025 10:54,8500,2371.03
386,Ord-220,4,1,10/09/2025 10:55,9000,1935.93
387,Ord-221,9,2,10/09/2025 10:56,8500,2371.03
388,Ord-222,9,1,10/09/2025 11:00,8500,2371.03
389,Ord-222,11,1,10/09/2025 11:00,8500,2521.44
390,Ord-223,9,2,10/09/2025 11:01,8500,2371.03
391,Ord-223,11,2,10/09/2025 11:01,8500,2521.44
392,Ord-224,11,1,10/09/2025 11:01,8500,2521.44
393,Ord-224,9,1,10/09/2025 11:02,8500,2371.03
394,Ord-225,5,2,10/09/2025 11:02,5600,1512.94
395,Ord-226,1,1,10/09/2025 11:04,9000,2371.03
396,Ord-227,9,2,10/09/2025 11:04,8500,2371.03
397,Ord-228,12,1,10/09/2025 11:05,8500,2374.8
398,Ord-228,9,1,10/09/2025 11:05,8500,2371.03
399,Ord-229,9,1,10/09/2025 11:06,8500,2371.03
400,Ord-229,11,1,10/09/2025 11:06,8500,2521.44
401,Ord-230,9,1,10/09/2025 15:23,8500,2371.03
402,Ord-230,12,1,10/09/2025 15:23,8500,2374.8
403,Ord-231,1,1,10/09/2025 23:41,9000,2371.03
404,Ord-231,5,1,10/09/2025 23:41,5600,1512.94
405,Ord-232,3,1,10/09/2025 23:42,9000,2521.44
406,Ord-233,9,1,11/09/2025 20:23,8500,2371.03
407,Ord-233,11,1,11/09/2025 20:24,8500,2521.44
408,Ord-234,1,2,11/09/2025 20:25,9000,2371.03
409,Ord-235,1,2,11/09/2025 20:32,9000,2371.03
410,Ord-236,1,1,12/09/2025 18:54,9000,2380.78
411,Ord-237,9,1,12/09/2025 18:58,8500,2380.78
412,Ord-237,12,1,12/09/2025 18:58,8500,2401.43
413,Ord-237,3,1,12/09/2025 18:58,9000,2531.19
414,Ord-238,2,1,12/09/2025 18:59,9000,2401.43
415,Ord-238,5,1,12/09/2025 18:59,5600,1518.94
416,Ord-239,9,2,12/09/2025 19:00,8500,2380.78
417,Ord-240,6,1,12/09/2025 19:02,7200,1820.59
418,Ord-240,5,2,12/09/2025 19:02,5600,1518.94
419,Ord-241,9,1,12/09/2025 19:03,8500,2380.78
420,Ord-241,11,1,12/09/2025 19:03,8500,2531.19
421,Ord-242,1,1,12/09/2025 19:05,9000,2380.78
422,Ord-243,12,2,12/09/2025 19:07,8500,2401.43
423,Ord-243,9,1,12/09/2025 19:07,8500,2380.78
424,Ord-243,11,1,12/09/2025 19:07,8500,2531.19
425,Ord-244,9,1,12/09/2025 19:12,8500,2380.78
426,Ord-245,1,2,13/09/2025 01:03,9000,2380.78
427,Ord-246,1,1,11/09/2025 20:36,9000,2380.78
428,Ord-247,1,1,13/09/2025 20:45,9000,2380.78
429,Ord-248,1,1,14/09/2025 20:55,9000,2380.78
430,Ord-249,9,1,14/09/2025 20:56,8500,2380.78
431,Ord-249,10,1,14/09/2025 20:58,8500,1935.93
432,Ord-250,9,1,15/09/2025 12:40,8500,2380.78
433,Ord-250,10,1,15/09/2025 12:40,8500,1935.93
434,Ord-251,7,2,15/09/2025 12:40,5200,1420.45
435,Ord-251,5,1,15/09/2025 12:41,5600,1518.94
436,Ord-252,9,1,15/09/2025 12:43,8500,2380.78
437,Ord-252,12,1,15/09/2025 12:43,8500,2401.43
438,Ord-252,7,1,15/09/2025 12:43,5200,1420.45
439,Ord-252,5,1,15/09/2025 12:43,5600,1518.94
440,Ord-253,1,1,15/09/2025 12:46,9000,2380.78
441,Ord-254,1,1,15/09/2025 12:47,9000,2380.78
442,Ord-255,9,2,15/09/2025 12:48,8500,2380.78
443,Ord-256,9,1,15/09/2025 12:49,8500,2380.78
444,Ord-256,11,1,15/09/2025 12:49,8500,2531.19
445,Ord-256,6,1,15/09/2025 12:49,7200,1820.59
446,Ord-256,8,1,15/09/2025 12:49,9000,2380.78
447,Ord-257,9,1,15/09/2025 00:01,8500,2380.78
448,Ord-257,10,1,15/09/2025 00:01,8500,1935.93
449,Ord-258,1,1,16/09/2025 00:00,9000,2380.78
450,Ord-259,5,2,16/09/2025 00:00,5600,1518.94
452,Ord-260,9,1,16/09/2025 19:16,8500,2380.78
451,Ord-260,10,1,16/09/2025 19:28,8500,1935.93
453,Ord-261,3,1,16/09/2025 11:19,9000,2531.19
454,Ord-262,1,1,16/09/2025 11:19,9000,2380.78
455,Ord-262,5,1,16/09/2025 11:20,5600,1518.94
456,Ord-263,9,2,16/09/2025 00:00,8500,2380.78
459,Ord-263,12,2,16/09/2025 00:00,8500,2401.43
457,Ord-263,10,2,16/09/2025 00:00,8500,1935.93
458,Ord-263,11,2,16/09/2025 00:00,8500,2531.19
460,Ord-264,9,2,16/09/2025 00:00,8500,2380.78
461,Ord-265,6,1,18/09/2025 15:45,7200,1820.59
462,Ord-266,1,1,18/09/2025 15:49,9000,2380.78
465,Ord-268,9,6,18/09/2025 23:35,8500,2380.78
466,Ord-269,1,1,18/09/2025 23:36,9000,2380.78
467,Ord-270,1,1,18/09/2025 23:37,9000,2380.78
469,Ord-271,3,1,18/09/2025 23:37,9000,2531.19
470,Ord-271,4,1,18/09/2025 23:38,9000,1935.93
468,Ord-271,1,1,18/09/2025 23:37,9000,2380.78
471,Ord-272,13,10,19/09/2025 15:50,18000,4641.95
472,Ord-273,1,1,19/09/2025 13:32,9000,2380.78
474,Ord-274,7,1,19/09/2025 13:33,5200,1420.45
473,Ord-274,1,1,19/09/2025 13:33,9000,2380.78
475,Ord-275,9,1,19/09/2025 13:35,8500,2380.78
476,Ord-275,12,1,19/09/2025 13:35,8500,2401.43
477,Ord-275,10,1,19/09/2025 13:36,8500,1935.93
478,Ord-275,11,1,19/09/2025 13:36,8500,2531.19
479,Ord-276,1,1,19/09/2025 13:38,9000,2380.78
482,Ord-277,2,1,19/09/2025 13:40,9000,2401.43
480,Ord-277,9,1,19/09/2025 13:40,8500,2380.78
481,Ord-277,10,1,19/09/2025 13:40,8500,1935.93
483,Ord-278,1,1,19/09/2025 13:42,9000,2380.78
484,Ord-279,4,1,19/09/2025 13:44,9000,1935.93
485,Ord-280,5,2,19/09/2025 13:45,5600,1518.94
486,Ord-281,9,2,19/09/2025 17:57,8500,2380.78
488,Ord-282,8,6,19/09/2025 19:05,9000,2380.78
487,Ord-282,1,6,19/09/2025 19:05,9000,2380.78
489,Ord-283,1,1,19/09/2025 19:12,9000,2380.78
490,Ord-284,1,1,20/09/2025 14:45,9000,2380.78
491,Ord-285,1,1,21/09/2025 11:26,9000,2380.78
492,Ord-286,9,2,21/09/2025 11:31,8500,2380.78
493,Ord-287,1,1,21/09/2025 11:32,9000,2380.78
494,Ord-288,9,2,20/09/2025 17:34,8500,2380.78
495,Ord-289,9,2,20/09/2025 18:38,8500,2380.78
496,Ord-290,1,1,21/09/2025 18:51,9000,2380.78
497,Ord-291,1,1,21/09/2025 18:52,9000,2380.78
498,Ord-292,1,1,22/09/2025 14:48,9000,2417
499,Ord-293,1,1,22/09/2025 14:49,9000,2417
501,Ord-294,2,1,22/09/2025 14:50,9000,2437
500,Ord-294,1,1,22/09/2025 14:50,9000,2417
502,Ord-295,3,1,22/09/2025 15:15,9000,2567.42
503,Ord-296,1,1,22/09/2025 17:40,9000,2417
504,Ord-297,1,1,22/09/2025 17:43,9000,2417
505,Ord-298,1,1,22/09/2025 17:44,9000,2417
506,Ord-299,1,2,22/09/2025 17:45,9000,2417
507,Ord-300,1,2,22/09/2025 21:02,9000,2417
508,Ord-301,1,2,22/09/2025 21:03,9000,2417
510,Ord-303,11,1,23/09/2025 12:45,8500,2567.42
511,Ord-303,10,1,23/09/2025 12:45,8500,1935.93
512,Ord-304,1,1,23/09/2025 12:46,9000,2417
513,Ord-305,1,2,22/09/2025 23:05,9000,2417
514,Ord-306,9,2,24/09/2025 11:14,8500,2417
515,Ord-306,11,2,24/09/2025 11:14,8500,2567.42
516,Ord-307,9,2,24/09/2025 11:15,8500,2417
517,Ord-308,1,1,24/09/2025 11:17,9000,2417
518,Ord-309,9,2,24/09/2025 22:58,8500,2417
519,Ord-310,9,2,24/09/2025 23:00,8500,2417
520,Ord-310,8,3,24/09/2025 23:00,9000,2283
521,Ord-310,7,2,24/09/2025 23:00,5200,1441.15
523,Ord-311,2,1,25/09/2025 10:33,9000,2437
522,Ord-311,1,2,25/09/2025 10:33,9000,2417
524,Ord-312,1,1,25/09/2025 20:00,9000,2417
525,Ord-313,11,1,25/09/2025 20:02,8500,2567.42
526,Ord-313,12,1,25/09/2025 20:03,8500,2437.65
527,Ord-314,9,2,25/09/2025 20:04,8500,2417
528,Ord-315,9,6,25/09/2025 20:04,8500,2417
529,Ord-316,9,2,25/09/2025 20:07,8500,2417
530,Ord-317,1,1,26/09/2025 08:51,9000,2417
531,Ord-318,9,1,26/09/2025 20:48,8500,2417
532,Ord-318,10,1,26/09/2025 20:48,8500,1935.93
533,Ord-319,7,7,26/09/2025 09:50,5200,1441.15
534,Ord-319,1,1,26/09/2025 10:51,9000,2417
535,Ord-319,5,3,26/09/2025 11:32,5600,1724
536,Ord-320,1,1,26/09/2025 21:02,9000,2417
537,Ord-321,9,2,26/09/2025 22:17,8500,2417
538,Ord-322,1,1,26/09/2025 22:22,9000,2417
539,Ord-323,9,2,26/09/2025 22:23,8500,2417
540,Ord-324,4,1,26/09/2025 22:26,9000,1935.93
541,Ord-325,1,1,27/09/2025 08:58,9000,2417
542,Ord-326,1,1,27/09/2025 09:01,9000,2417
544,Ord-327,10,1,25/09/2025 15:04,8500,1935.93
543,Ord-327,11,1,25/09/2025 15:04,8500,2567.42
545,Ord-328,9,2,28/09/2025 12:30,8500,2417
546,Ord-329,1,1,28/09/2025 12:32,9000,2417
547,Ord-330,9,2,28/09/2025 17:18,8500,2417
548,Ord-331,3,1,28/09/2025 17:20,9000,2567.42
549,Ord-332,4,1,28/09/2025 17:20,9000,1935.93
550,Ord-333,1,1,28/09/2025 17:21,9000,2417
551,Ord-334,1,1,28/09/2025 17:22,9000,2417
552,Ord-335,9,1,29/09/2025 14:20,8500,2417
553,Ord-335,12,1,29/09/2025 14:20,8500,2437.65
554,Ord-336,1,1,29/09/2025 14:31,9000,2417
555,Ord-337,1,1,29/09/2025 14:32,9000,2417
556,Ord-338,1,1,29/09/2025 14:34,9000,2417
558,Ord-339,2,1,29/09/2025 14:37,9000,2437
557,Ord-339,1,1,29/09/2025 14:37,9000,2417
559,Ord-340,6,1,29/09/2025 14:43,7200,2024.42
560,Ord-341,9,1,30/09/2025 21:54,8500,2467.01
561,Ord-341,11,1,30/09/2025 21:54,8500,2617.42
562,Ord-342,9,2,30/09/2025 21:56,8500,2467.01
564,Ord-343,12,1,30/09/2025 21:58,8500,2487.65
565,Ord-343,10,1,30/09/2025 21:58,8500,1976.96
563,Ord-343,9,2,30/09/2025 21:58,8500,2467.01
566,Ord-344,1,1,30/09/2025 22:00,9000,2467.01
570,Ord-345,8,1,30/09/2025 22:01,9000,2330
567,Ord-345,9,2,30/09/2025 22:01,8500,2467.01
568,Ord-345,6,1,30/09/2025 22:01,7200,2065.8
569,Ord-345,5,1,30/09/2025 22:01,5600,1758.78
571,Ord-346,1,2,30/09/2025 22:04,9000,2467.01
572,Ord-347,9,2,02/10/2025 20:04,8500,2467.01
573,Ord-347,11,2,02/10/2025 20:04,8500,2617.42
574,Ord-347,6,1,02/10/2025 20:04,7200,2065.8
575,Ord-348,3,1,02/10/2025 20:05,9000,2617.42
576,Ord-349,1,1,02/10/2025 20:06,9000,2467.01
577,Ord-350,10,1,02/10/2025 20:09,8500,1976.96
578,Ord-350,9,1,02/10/2025 20:09,8500,2467.01
579,Ord-351,1,1,02/10/2025 20:11,9000,2467.01
580,Ord-352,1,1,02/10/2025 20:12,9000,2467.01
581,Ord-353,8,1,02/10/2025 20:14,9000,2330
582,Ord-354,1,1,02/10/2025 22:57,9000,2467.01
583,Ord-354,5,1,02/10/2025 22:57,5600,1758.78
584,Ord-355,9,2,03/10/2025 08:16,8500,2467.01
585,Ord-356,9,2,03/10/2025 22:23,8500,2467.01
587,Ord-357,11,1,03/10/2025 22:24,8500,2617.42
586,Ord-357,12,1,03/10/2025 22:24,8500,2487.65
588,Ord-358,1,1,03/10/2025 22:26,9000,2467.01
591,Ord-359,5,1,03/10/2025 22:28,5600,1758.78
589,Ord-359,9,2,03/10/2025 22:27,8500,2467.01
590,Ord-359,3,1,03/10/2025 22:27,9000,2617.42
592,Ord-360,1,10,03/10/2025 22:30,9000,2467.01
594,Ord-360,3,6,03/10/2025 22:30,9000,2617.42
593,Ord-360,2,6,03/10/2025 22:30,9000,2487.65
595,Ord-360,4,6,03/10/2025 22:30,9000,1976.96
596,Ord-361,1,8,03/10/2025 22:35,9000,2467.01
601,Ord-361,5,1,03/10/2025 22:36,5600,1758.78
597,Ord-361,2,2,03/10/2025 22:35,9000,2487.65
600,Ord-361,6,1,03/10/2025 22:35,7200,2065.8
599,Ord-361,4,2,03/10/2025 22:35,9000,1976.96
602,Ord-361,7,1,03/10/2025 22:36,5200,1469.72
598,Ord-361,3,2,03/10/2025 22:35,9000,2617.42
603,Ord-361,8,1,03/10/2025 22:36,9000,2330
604,Ord-362,1,1,03/10/2025 22:38,9000,2467.01
605,Ord-363,1,1,03/10/2025 22:40,9000,2467.01
606,Ord-364,9,2,01/10/2025 22:41,8500,2467.01
608,Ord-365,9,2,03/10/2025 13:43,8500,2467.01
607,Ord-365,1,1,03/10/2025 13:43,9000,2467.01
610,Ord-366,11,1,06/10/2025 20:14,8500,2617.42
609,Ord-366,12,1,06/10/2025 20:14,8500,2487.65
611,Ord-367,10,1,06/10/2025 20:17,8500,1976.96
612,Ord-367,9,1,06/10/2025 20:17,8500,2467.01
613,Ord-368,9,1,06/10/2025 20:20,8500,2467.01
614,Ord-368,12,1,06/10/2025 20:20,8500,2487.65
616,Ord-369,10,1,06/10/2025 20:23,8500,1976.96
615,Ord-369,9,1,06/10/2025 20:22,8500,2467.01
617,Ord-370,1,1,06/10/2025 20:26,9000,2467.01
618,Ord-371,2,1,06/10/2025 20:27,9000,2487.65
619,Ord-372,1,1,06/10/2025 20:28,9000,2467.01
620,Ord-373,9,2,06/10/2025 20:32,8500,2467.01
621,Ord-374,3,1,06/10/2025 20:33,9000,2617.42
622,Ord-375,10,1,06/10/2025 20:37,8500,1976.96
623,Ord-375,11,1,06/10/2025 20:38,8500,2617.42
624,Ord-376,3,1,06/10/2025 20:39,9000,2617.42
625,Ord-377,1,1,07/10/2025 18:44,9000,2467.01
626,Ord-377,6,1,07/10/2025 18:44,7200,2065.8
627,Ord-378,9,2,08/10/2025 12:03,8500,2467.01
628,Ord-378,3,1,08/10/2025 12:03,9000,2617.42
629,Ord-379,2,1,08/10/2025 12:12,9000,2487.65
630,Ord-380,1,1,08/10/2025 12:14,9000,2467.01
632,Ord-381,11,1,08/10/2025 12:30,8500,2617.42
633,Ord-381,8,1,08/10/2025 12:30,9000,2330
631,Ord-381,9,1,08/10/2025 12:29,8500,2467.01
634,Ord-382,1,1,08/10/2025 12:32,9000,2467.01
635,Ord-383,4,1,08/10/2025 17:36,9000,1976.96
636,Ord-384,6,3,08/10/2025 22:15,7200,2065.8
637,Ord-386,9,2,08/10/2025 22:20,8500,2467.01
638,Ord-387,9,2,08/10/2025 22:21,8500,2467.01
639,Ord-388,9,2,05/10/2025 22:23,8500,2467.01
640,Ord-389,3,1,05/10/2025 22:26,9000,2617.42
641,Ord-385,1,1,08/10/2025 22:27,9000,2467.01
642,Ord-390,11,1,09/10/2025 19:04,8500,2617.42
643,Ord-390,9,1,09/10/2025 19:04,8500,2467.01
644,Ord-391,10,1,09/10/2025 19:34,8500,1976.96
645,Ord-391,11,1,09/10/2025 19:34,8500,2617.42
646,Ord-391,8,1,09/10/2025 19:34,9000,2330
647,Ord-392,12,1,09/10/2025 20:11,8500,2487.65
648,Ord-392,9,1,09/10/2025 20:11,8500,2467.01
649,Ord-393,10,1,09/10/2025 20:30,8500,1976.96
650,Ord-393,12,1,09/10/2025 20:31,8500,2487.65
651,Ord-394,7,1,11/10/2025 12:00,5200,1469.72
652,Ord-394,5,1,11/10/2025 12:00,5600,1758.78
653,Ord-394,6,1,11/10/2025 12:01,7200,2065.8
654,Ord-394,11,1,11/10/2025 12:02,8500,2617.42
655,Ord-394,12,1,11/10/2025 12:01,8500,2487.65
656,Ord-395,11,1,11/10/2025 11:03,8500,2617.42
657,Ord-395,9,1,11/10/2025 11:13,8500,2467.01
658,Ord-396,9,1,11/10/2025 03:27,8500,2467.01
659,Ord-396,3,1,11/10/2025 03:27,9000,2617.42
660,Ord-397,9,1,11/10/2025 04:02,8500,2467.01
661,Ord-397,11,1,11/10/2025 04:07,8500,2617.42
662,Ord-398,1,1,11/10/2025 07:42,9000,2467.01
663,Ord-398,5,1,11/10/2025 07:43,5600,1758.78
664,Ord-399,9,1,13/10/2025 02:54,8500,2467.01
665,Ord-399,11,1,13/10/2025 02:54,8500,2617.42
666,Ord-400,1,1,13/10/2025 02:55,9000,2467.01
667,Ord-401,9,1,14/10/2025 11:31,8500,2467.01
668,Ord-401,12,1,14/10/2025 11:31,8500,2487.65
670,Ord-402,12,1,14/10/2025 11:36,8500,2487.65
669,Ord-402,9,2,14/10/2025 11:36,8500,2467.01
671,Ord-402,10,1,14/10/2025 11:37,8500,1976.96
672,Ord-403,13,10,14/10/2025 17:53,18000,4741.95
673,Ord-404,1,2,15/10/2025 16:41,9000,2467.01
674,Ord-405,1,1,15/10/2025 16:41,9000,2467.01
675,Ord-406,1,1,15/10/2025 16:43,9000,2467.01
677,Ord-407,4,1,15/10/2025 16:44,9000,1976.96
676,Ord-407,1,1,15/10/2025 16:44,9000,2467.01
678,Ord-408,1,1,16/10/2025 17:49,9000,2467.01
679,Ord-408,4,1,16/10/2025 17:49,9000,1976.96
680,Ord-409,5,2,19/10/2025 12:26,5600,1758.78
681,Ord-410,4,1,19/10/2025 12:31,9000,1976.96
682,Ord-411,2,1,19/10/2025 12:32,9000,2487.65
683,Ord-412,1,1,19/10/2025 12:33,9000,2467.01
684,Ord-413,1,1,19/10/2025 12:39,9000,2467.01
685,Ord-414,1,1,16/10/2025 17:45,9000,2467.01
686,Ord-415,1,6,19/10/2025 12:43,9000,2467.01
687,Ord-416,1,1,19/10/2025 12:47,9000,2467.01
688,Ord-417,6,2,19/10/2025 13:17,7200,2065.8
689,Ord-417,5,1,19/10/2025 13:18,5600,1758.78
690,Ord-418,1,2,19/10/2025 23:57,9000,2467.01
691,Ord-419,2,1,19/10/2025 23:59,9000,2487.65
692,Ord-419,4,1,20/10/2025 00:00,9000,1976.96
693,Ord-420,1,10,20/10/2025 00:02,9000,2467.01
694,Ord-420,3,6,20/10/2025 00:03,9000,2617.42
695,Ord-420,4,3,20/10/2025 00:03,9000,1976.96
696,Ord-420,2,6,20/10/2025 00:03,9000,2487.65
697,Ord-421,1,1,20/10/2025 00:05,9000,2467.01
698,Ord-422,1,2,20/10/2025 00:10,9000,2467.01
699,Ord-423,1,1,20/10/2025 00:12,9000,2467.01
700,Ord-424,1,1,20/10/2025 00:14,9000,2467.01
701,Ord-424,8,1,20/10/2025 00:14,9000,2330
702,Ord-425,1,1,20/10/2025 00:16,9000,2467.01
703,Ord-425,8,1,20/10/2025 00:16,9000,2330
704,Ord-426,1,1,20/10/2025 00:18,9000,2467.01
705,Ord-427,1,1,20/10/2025 00:19,9000,2467.01
706,Ord-427,2,1,20/10/2025 00:19,9000,2487.65
707,Ord-428,1,1,20/10/2025 00:21,9000,2467.01
708,Ord-428,3,1,20/10/2025 00:21,9000,2617.42
709,Ord-429,4,1,20/10/2025 00:22,9000,1976.96
710,Ord-430,1,1,20/10/2025 00:24,9000,2467.01
711,Ord-431,1,1,20/10/2025 00:26,9000,2467.01
712,Ord-432,8,1,20/10/2025 11:29,9000,2330
713,Ord-432,5,1,20/10/2025 11:29,5600,1758.78
714,Ord-433,1,1,21/10/2025 21:41,9000,2467.01
715,Ord-434,8,1,21/10/2025 21:49,9000,2330
716,Ord-434,5,1,21/10/2025 21:50,5600,1758.78
717,Ord-434,3,1,21/10/2025 21:50,9000,2617.42
718,Ord-434,2,1,21/10/2025 21:51,9000,2487.65
719,Ord-434,1,1,21/10/2025 21:51,9000,2467.01
720,Ord-435,1,1,21/10/2025 21:57,9000,2467.01
721,Ord-435,2,1,21/10/2025 21:57,9000,2487.65
722,Ord-435,3,1,21/10/2025 21:57,9000,2617.42
723,Ord-436,1,2,21/10/2025 22:00,9000,2467.01
726,Ord-438,5,2,21/10/2025 22:15,5600,1758.78
727,Ord-438,1,1,21/10/2025 22:15,9000,2467.01
728,Ord-439,1,1,21/10/2025 22:18,9000,2467.01
729,Ord-440,3,1,21/10/2025 22:22,9000,2617.42
730,Ord-440,4,1,21/10/2025 22:23,9000,1976.96
731,Ord-440,5,1,21/10/2025 22:23,5600,1758.78
732,Ord-441,1,1,21/10/2025 22:27,9000,2467.01
733,Ord-442,1,2,21/10/2025 22:29,9000,2467.01
734,Ord-443,5,1,21/10/2025 22:30,5600,1758.78
735,Ord-443,6,1,21/10/2025 22:30,7200,2065.8
736,Ord-443,7,1,21/10/2025 22:31,5200,1469.72
737,Ord-444,1,2,21/10/2025 22:33,9000,2467.01
738,Ord-445,1,4,21/10/2025 22:34,9000,2467.01
739,Ord-446,1,1,21/10/2025 22:37,9000,2467.01
740,Ord-447,1,2,21/10/2025 22:40,9000,2467.01
741,Ord-448,1,1,22/10/2025 10:25,9000,2467.01
742,Ord-449,1,1,22/10/2025 10:27,9000,2467.01
743,Ord-449,2,1,22/10/2025 10:27,9000,2487.65
744,Ord-449,3,1,22/10/2025 10:28,9000,2617.42
745,Ord-450,1,2,22/10/2025 10:31,9000,2467.01
746,Ord-451,1,1,22/10/2025 10:33,9000,2467.01
747,Ord-451,3,1,22/10/2025 10:33,9000,2617.42
748,Ord-451,5,1,22/10/2025 10:33,5600,1758.78
749,Ord-452,1,2,22/10/2025 10:35,9000,2467.01
750,Ord-453,13,10,22/10/2025 10:37,18000,4741.95
751,Ord-454,2,1,22/10/2025 10:39,9000,2487.65
752,Ord-455,1,2,22/10/2025 15:23,9000,2467.01
753,Ord-455,2,2,22/10/2025 15:23,9000,2487.65
754,Ord-455,3,2,22/10/2025 15:24,9000,2617.42
755,Ord-455,4,2,22/10/2025 15:24,9000,1976.96
756,Ord-456,1,2,22/10/2025 15:30,9000,2467.01
757,Ord-457,1,2,22/10/2025 15:33,9000,2467.01
758,Ord-458,4,1,22/10/2025 15:34,9000,1976.96
759,Ord-459,1,2,22/10/2025 15:36,9000,2467.01
760,Ord-460,1,1,22/10/2025 15:38,9000,2467.01
761,Ord-460,2,1,22/10/2025 15:38,9000,2487.65
762,Ord-460,3,1,22/10/2025 15:38,9000,2617.42
764,Ord-462,3,1,22/10/2025 15:57,9000,2617.42
766,Ord-464,1,2,22/10/2025 16:01,9000,2467.01
767,Ord-465,2,1,22/10/2025 16:11,9000,2487.65
768,Ord-465,6,1,22/10/2025 16:11,7200,2065.8
769,Ord-465,5,1,22/10/2025 16:11,5600,1758.78
770,Ord-466,1,1,22/10/2025 16:13,9000,2467.01
771,Ord-467,9,2,22/10/2025 16:22,8500,2467.01
772,Ord-467,4,1,22/10/2025 16:22,9000,1976.96
773,Ord-467,5,2,22/10/2025 16:22,5600,1758.78
774,Ord-468,9,2,22/10/2025 16:25,8500,2467.01
775,Ord-468,8,2,22/10/2025 16:25,9000,2330
776,Ord-469,1,1,22/10/2025 16:27,9000,2467.01
777,Ord-470,5,1,22/10/2025 16:33,5600,1758.78
778,Ord-470,8,1,22/10/2025 16:33,9000,2330
779,Ord-471,5,2,23/10/2025 11:22,5600,1758.78
780,Ord-472,10,1,23/10/2025 11:24,8500,1976.96
781,Ord-472,11,1,23/10/2025 11:24,8500,2617.42
782,Ord-473,1,1,23/10/2025 11:26,9000,2467.01
784,Ord-474,9,1,23/10/2025 11:28,8500,2467.01
783,Ord-474,10,1,23/10/2025 11:27,8500,1976.96
785,Ord-475,9,1,23/10/2025 17:06,8500,2467.01
786,Ord-475,12,1,23/10/2025 17:06,8500,2487.65
787,Ord-476,6,1,27/10/2025 15:20,7200,2065.8
788,Ord-477,8,2,27/10/2025 15:29,9000,2330
789,Ord-477,7,1,27/10/2025 15:30,5200,1469.72
790,Ord-478,9,1,27/10/2025 20:12,8500,2467.01
791,Ord-478,10,1,27/10/2025 20:12,8500,1976.96
792,Ord-479,6,1,27/10/2025 20:13,7200,2065.8
793,Ord-480,10,1,27/10/2025 20:15,8500,1976.96
794,Ord-480,9,1,27/10/2025 20:15,8500,2467.01
795,Ord-480,3,1,27/10/2025 20:15,9000,2617.42
796,Ord-481,9,1,27/10/2025 20:17,8500,2467.01
797,Ord-481,11,1,27/10/2025 20:17,8500,2617.42
798,Ord-482,9,2,27/10/2025 20:18,8500,2467.01
799,Ord-483,9,1,27/10/2025 20:18,8500,2467.01
800,Ord-483,11,1,27/10/2025 20:19,8500,2617.42
801,Ord-484,9,1,27/10/2025 20:20,8500,2467.01
802,Ord-484,11,1,27/10/2025 20:20,8500,2617.42
803,Ord-485,1,1,27/10/2025 20:23,9000,2467.01
804,Ord-486,9,1,27/10/2025 20:24,8500,2467.01
805,Ord-486,11,1,27/10/2025 20:24,8500,2617.42
806,Ord-487,2,1,27/10/2025 20:26,9000,2487.65
807,Ord-488,9,1,27/10/2025 20:27,8500,2467.01
808,Ord-488,11,1,27/10/2025 20:27,8500,2617.42
809,Ord-489,9,2,27/10/2025 20:29,8500,2467.01
810,Ord-490,1,1,27/10/2025 20:30,9000,2467.01
811,Ord-491,1,1,27/10/2025 20:31,9000,2467.01
812,Ord-492,7,1,27/10/2025 20:32,5200,1469.72
813,Ord-493,4,1,27/10/2025 20:33,9000,1976.96
814,Ord-494,4,1,27/10/2025 20:34,9000,1976.96
815,Ord-494,5,1,27/10/2025 20:34,5600,1758.78
816,Ord-495,9,2,27/10/2025 20:36,8500,2467.01
817,Ord-496,9,1,27/10/2025 21:52,8500,2467.01
818,Ord-496,10,1,27/10/2025 21:52,8500,1976.96
819,Ord-497,1,1,27/10/2025 21:53,9000,2467.01
820,Ord-498,1,1,27/10/2025 21:54,9000,2467.01
821,Ord-499,4,1,27/10/2025 21:55,9000,1976.96
822,Ord-500,4,1,27/10/2025 21:56,9000,1976.96
823,Ord-500,6,1,27/10/2025 21:56,7200,2065.8
824,Ord-501,9,4,29/10/2025 11:07,8500,2467.01
825,Ord-502,9,2,29/10/2025 11:10,8500,2467.01
828,Ord-503,5,1,29/10/2025 11:17,5600,1758.78
827,Ord-503,12,1,29/10/2025 11:17,8500,2487.65
829,Ord-503,7,1,29/10/2025 11:17,5200,1469.72
826,Ord-503,9,1,28/10/2025 12:12,8500,2467.01
831,Ord-504,12,1,29/10/2025 11:21,8500,2487.65
830,Ord-504,9,1,29/10/2025 11:21,8500,2467.01
832,Ord-505,6,2,29/10/2025 11:23,7200,2065.8
834,Ord-506,11,1,29/10/2025 11:25,8500,2617.42
833,Ord-506,9,1,29/10/2025 11:25,8500,2467.01
835,Ord-507,1,1,29/10/2025 11:27,9000,2467.01
836,Ord-508,9,2,29/10/2025 11:28,8500,2467.01
838,Ord-508,11,1,29/10/2025 11:28,8500,2617.42
837,Ord-508,12,1,29/10/2025 11:28,8500,2487.65
839,Ord-509,9,1,31/10/2025 00:00,8500,2467.01
840,Ord-509,12,1,31/10/2025 00:00,8500,2487.65
841,Ord-510,9,2,31/10/2025 00:00,8500,2467.01
842,Ord-510,5,2,31/10/2025 00:00,5600,1758.78
843,Ord-511,9,1,31/10/2025 00:00,8500,2467.01
844,Ord-511,12,1,31/10/2025 00:00,8500,2487.65
845,Ord-512,9,1,31/10/2025 00:00,8500,2467.01
846,Ord-512,11,1,31/10/2025 00:00,8500,2617.42
847,Ord-513,1,1,31/10/2025 00:00,9000,2467.01
848,Ord-514,3,1,31/10/2025 00:00,9000,2617.42
849,Ord-515,1,1,31/10/2025 00:00,9000,2467.01
850,Ord-516,9,2,31/10/2025 00:00,8500,2467.01
851,Ord-517,9,2,31/10/2025 00:00,8500,2467.01
852,Ord-518,9,2,02/11/2025 12:21,8500,2467.01
853,Ord-518,1,1,02/11/2025 12:21,9000,2467.01
854,Ord-519,1,1,02/11/2025 12:22,9000,2467.01
855,Ord-520,9,2,02/11/2025 12:22,8500,2467.01
856,Ord-520,5,1,02/11/2025 12:22,5600,1758.78
857,Ord-520,8,1,02/11/2025 12:23,9000,2330
858,Ord-521,1,6,02/11/2025 12:24,9000,2467.01
859,Ord-521,4,3,02/11/2025 12:24,9000,1976.96
860,Ord-521,2,3,02/11/2025 12:24,9000,2487.65
861,Ord-521,3,2,02/11/2025 12:25,9000,2617.42
862,Ord-521,7,2,02/11/2025 12:25,5200,1469.72
863,Ord-521,5,2,02/11/2025 12:25,5600,1758.78
864,Ord-522,9,1,02/11/2025 12:26,8500,2467.01
865,Ord-522,11,1,02/11/2025 12:26,8500,2617.42
866,Ord-523,9,1,05/11/2025 19:02,8500,2476.08
867,Ord-523,12,1,05/11/2025 19:02,8500,2538.35
868,Ord-523,4,1,05/11/2025 19:03,9000,1976.96
869,Ord-524,6,1,05/11/2025 19:03,7200,2073
870,Ord-525,5,2,05/11/2025 19:04,5600,1765.1
871,Ord-526,9,1,05/11/2025 19:06,8500,2476.08
872,Ord-526,11,1,05/11/2025 19:06,8500,2626.49
873,Ord-527,9,1,05/11/2025 19:07,8500,2476.08
874,Ord-527,11,1,05/11/2025 19:07,8500,2626.49
875,Ord-528,9,2,05/11/2025 19:08,8500,2476.08
876,Ord-528,5,1,05/11/2025 19:08,5600,1765.1
877,Ord-529,9,1,05/11/2025 19:09,8500,2476.08
878,Ord-529,12,1,05/11/2025 19:09,8500,2538.35
879,Ord-530,9,2,05/11/2025 20:41,8500,2476.08
880,Ord-531,7,2,08/11/2025 18:32,5200,1474
881,Ord-532,1,3,08/11/2025 18:39,9000,2467.08
883,Ord-532,3,3,08/11/2025 18:39,9000,2626.49
882,Ord-532,2,3,08/11/2025 18:39,9000,2538.35
884,Ord-532,4,3,08/11/2025 18:39,9000,1976.96
885,Ord-533,1,1,08/11/2025 18:47,9000,2467.08
886,Ord-533,5,1,08/11/2025 18:47,5600,1765.1
892,Ord-534,5,3,08/11/2025 18:55,5600,1765.1
887,Ord-534,1,6,08/11/2025 18:54,9000,2467.08
890,Ord-534,4,3,08/11/2025 18:54,9000,1976.96
888,Ord-534,2,3,08/11/2025 18:54,9000,2538.35
891,Ord-534,6,3,08/11/2025 18:54,7200,2073
889,Ord-534,3,3,08/11/2025 18:54,9000,2626.49
893,Ord-534,7,3,08/11/2025 18:55,5200,1474
894,Ord-534,8,3,08/11/2025 18:55,9000,2338.67
895,Ord-535,9,4,08/11/2025 19:01,8500,2476.08
897,Ord-536,12,1,08/11/2025 19:05,8500,2538.35
899,Ord-536,6,2,08/11/2025 19:05,7200,2073
896,Ord-536,9,1,08/11/2025 19:05,8500,2476.08
898,Ord-536,3,1,08/11/2025 19:05,9000,2626.49
900,Ord-537,5,2,08/11/2025 19:07,5600,1765.1
902,Ord-537,1,1,08/11/2025 19:08,9000,2467.08
903,Ord-538,9,2,08/11/2025 19:10,8500,2476.08
904,Ord-539,4,1,08/11/2025 19:12,9000,1976.96
905,Ord-540,9,4,08/11/2025 19:15,8500,2476.08
906,Ord-541,9,2,08/11/2025 19:20,8500,2476.08
907,Ord-541,5,2,08/11/2025 19:20,5600,1765.1
908,Ord-541,7,2,08/11/2025 19:20,5200,1474
910,Ord-542,1,1,08/11/2025 19:26,9000,2467.08
909,Ord-542,9,2,08/11/2025 19:26,8500,2476.08
911,Ord-543,9,2,08/11/2025 21:04,8500,2476.08
913,Ord-544,4,1,08/11/2025 21:06,9000,1976.96
912,Ord-544,9,1,08/11/2025 21:06,8500,2476.08
914,Ord-545,12,1,08/11/2025 21:10,8500,2538.35
915,Ord-545,10,1,08/11/2025 21:10,8500,1976.96
918,Ord-546,5,1,08/11/2025 21:16,5600,1765.1
917,Ord-546,12,2,08/11/2025 21:16,8500,2538.35
916,Ord-546,11,2,08/11/2025 21:16,8500,2626.49
919,Ord-547,1,1,08/11/2025 21:19,9000,2467.08
921,Ord-548,3,1,08/11/2025 21:21,9000,2626.49
920,Ord-548,9,1,08/11/2025 21:21,8500,2476.08
922,Ord-549,1,1,08/11/2025 21:27,9000,2467.08
923,Ord-550,9,1,08/11/2025 21:29,8500,2476.08
924,Ord-550,11,1,08/11/2025 21:29,8500,2626.49
925,Ord-551,1,1,08/11/2025 21:31,9000,2467.08
926,Ord-552,1,1,08/11/2025 21:33,9000,2467.08
927,Ord-553,9,2,08/11/2025 21:34,8500,2476.08
928,Ord-554,9,2,08/11/2025 22:48,8500,2476.08
929,Ord-555,11,2,09/11/2025 16:24,8500,2626.49
931,Ord-555,1,1,09/11/2025 16:25,9000,2467.08
930,Ord-555,2,1,09/11/2025 16:24,9000,2538.35
932,Ord-556,9,2,09/11/2025 22:22,8500,2476.08
933,Ord-556,6,1,09/11/2025 22:22,7200,2073
934,Ord-557,9,1,09/11/2025 22:24,8500,2476.08
935,Ord-557,10,1,09/11/2025 22:24,8500,1976.96
936,Ord-558,9,2,09/11/2025 22:26,8500,2476.08
937,Ord-559,9,2,11/11/2025 18:31,8500,2476.08
938,Ord-560,9,2,11/11/2025 18:34,8500,2476.08
939,Ord-561,5,1,11/11/2025 18:35,5600,1765.1
940,Ord-562,9,2,11/11/2025 18:39,8500,2476.08
941,Ord-563,9,2,11/11/2025 18:41,8500,2476.08
942,Ord-564,3,1,11/11/2025 18:43,9000,2626.49
943,Ord-564,4,1,11/11/2025 18:43,9000,1976.96
944,Ord-565,9,2,14/11/2025 16:30,8500,2476.08
946,Ord-566,5,2,14/11/2025 16:33,5600,1765.1
945,Ord-566,6,2,14/11/2025 16:32,7200,2073
948,Ord-567,11,1,14/11/2025 16:36,8500,2626.49
947,Ord-567,9,1,14/11/2025 16:36,8500,2476.08
949,Ord-568,3,1,14/11/2025 16:39,9000,2626.49
950,Ord-569,5,2,14/11/2025 16:40,5600,1765.1
952,Ord-570,12,1,14/11/2025 16:45,8500,2538.35
951,Ord-570,10,1,14/11/2025 16:45,8500,1976.96
953,Ord-571,12,1,14/11/2025 16:49,8500,2538.35
954,Ord-571,11,1,14/11/2025 16:49,8500,2626.49
959,Ord-572,5,4,14/11/2025 16:54,5600,1765.1
957,Ord-572,3,3,14/11/2025 16:54,9000,2626.49
955,Ord-572,1,4,14/11/2025 16:54,9000,2467.08
960,Ord-572,8,4,14/11/2025 16:54,9000,2338.67
958,Ord-572,4,3,14/11/2025 16:54,9000,1976.96
956,Ord-572,2,3,14/11/2025 16:54,9000,2538.35
961,Ord-573,1,1,14/11/2025 16:58,9000,2467.08
963,Ord-574,5,1,14/11/2025 17:02,5600,1765.1
962,Ord-574,9,2,14/11/2025 17:02,8500,2476.08
964,Ord-575,6,2,14/11/2025 17:04,7200,2073
965,Ord-576,9,2,14/11/2025 17:07,8500,2476.08
966,Ord-577,1,1,14/11/2025 17:12,9000,2467.08
968,Ord-578,10,1,14/11/2025 17:14,8500,1976.96
967,Ord-578,9,1,14/11/2025 17:14,8500,2476.08
970,Ord-579,3,1,14/11/2025 17:17,9000,2626.49
969,Ord-579,9,2,14/11/2025 17:17,8500,2476.08
972,Ord-580,11,1,14/11/2025 17:20,8500,2626.49
973,Ord-580,7,1,14/11/2025 17:20,5200,1474
971,Ord-580,9,1,14/11/2025 17:20,8500,2476.08
974,Ord-581,9,1,14/11/2025 17:22,8500,2476.08
975,Ord-581,10,1,14/11/2025 17:22,8500,1976.96
976,Ord-582,1,1,15/11/2025 11:43,9000,2467.08
977,Ord-583,1,1,15/11/2025 11:44,9000,2467.08
978,Ord-584,1,1,15/11/2025 11:46,9000,2467.08
980,Ord-585,10,1,15/11/2025 11:49,8500,1976.96
979,Ord-585,9,1,15/11/2025 11:49,8500,2476.08
981,Ord-586,9,2,16/11/2025 20:57,8500,2476.08
982,Ord-587,9,2,16/11/2025 21:02,8500,2476.08
983,Ord-588,9,1,16/11/2025 21:07,8500,2476.08
984,Ord-588,11,1,16/11/2025 21:07,8500,2626.49
985,Ord-588,2,1,16/11/2025 21:07,9000,2538.35
986,Ord-589,9,2,16/11/2025 21:34,8500,2476.08
987,Ord-590,9,2,16/11/2025 21:35,8500,2476.08
988,Ord-591,9,4,16/11/2025 21:37,8500,2476.08
993,Ord-592,8,1,16/11/2025 21:48,9000,2338.67
991,Ord-592,5,1,16/11/2025 21:48,5600,1765.1
990,Ord-592,10,1,16/11/2025 21:48,8500,1976.96
992,Ord-592,7,1,16/11/2025 21:48,5200,1474
989,Ord-592,9,1,16/11/2025 21:48,8500,2476.08
994,Ord-593,8,1,17/11/2025 17:41,9000,2338.67
995,Ord-593,9,1,17/11/2025 17:41,8500,2476.08
996,Ord-593,12,1,17/11/2025 17:42,8500,2538.35
997,Ord-593,3,1,17/11/2025 17:42,9000,2626.49
998,Ord-594,1,2,17/11/2025 17:54,9000,2467.08
999,Ord-594,2,1,17/11/2025 17:55,9000,2538.35
1000,Ord-595,9,2,17/11/2025 18:00,8500,2476.08
1001,Ord-595,12,2,17/11/2025 18:01,8500,2538.35
1002,Ord-596,9,1,18/11/2025 21:15,8500,2476.08
1003,Ord-596,11,1,18/11/2025 21:15,8500,2626.49
1004,Ord-596,5,2,18/11/2025 21:16,5600,1765.1
1005,Ord-597,1,1,18/11/2025 21:18,9000,2467.08
1006,Ord-598,9,2,18/11/2025 21:20,8500,2476.08
1007,Ord-599,1,1,18/11/2025 21:22,9000,2467.08
1008,Ord-600,9,2,19/11/2025 11:15,8500,2476.08
1010,Ord-601,1,1,20/11/2025 10:25,9000,2467.08
1009,Ord-601,10,2,20/11/2025 10:24,8500,1976.96
1011,Ord-602,1,1,20/11/2025 10:26,9000,2467.08
1012,Ord-603,1,1,20/11/2025 10:28,9000,2467.08
1014,Ord-604,9,1,20/11/2025 10:32,8500,2476.08
1013,Ord-604,6,3,19/11/2025 19:06,7200,2073
1015,Ord-604,12,1,20/11/2025 10:32,8500,2538.35
1016,Ord-605,7,1,20/11/2025 10:34,5200,1474
1018,Ord-606,10,1,20/11/2025 10:36,8500,1976.96
1017,Ord-606,9,1,20/11/2025 10:36,8500,2476.08
1021,Ord-607,2,1,20/11/2025 10:39,9000,2538.35
1019,Ord-607,10,1,20/11/2025 10:39,8500,1976.96
1020,Ord-607,11,1,20/11/2025 10:39,8500,2626.49
1025,Ord-608,5,2,22/11/2025 11:14,5600,1765.1
1026,Ord-608,8,1,22/11/2025 11:14,9000,2338.67
1022,Ord-608,9,2,22/11/2025 11:13,8500,2476.08
1023,Ord-608,10,1,22/11/2025 11:13,8500,1976.96
1024,Ord-608,11,1,22/11/2025 11:13,8500,2626.49
1027,Ord-609,5,2,22/11/2025 11:20,5600,1765.1
1028,Ord-610,6,1,22/11/2025 11:21,7200,2073
1030,Ord-611,10,1,22/11/2025 11:25,8500,1976.96
1029,Ord-611,9,1,22/11/2025 11:25,8500,2476.08
1031,Ord-612,1,1,22/11/2025 11:30,9000,2467.08
1032,Ord-613,9,2,22/11/2025 11:31,8500,2476.08
1033,Ord-613,8,1,22/11/2025 11:31,9000,2338.67
1034,Ord-614,5,1,22/11/2025 11:37,5600,1765.1
1035,Ord-614,6,1,22/11/2025 11:37,7200,2073
1036,Ord-615,13,12,22/11/2025 11:43,18000,4760.1
1037,Ord-616,6,1,22/11/2025 20:33,7200,2073
1038,Ord-617,1,1,22/11/2025 20:35,9000,2467.08
1039,Ord-618,1,1,22/11/2025 20:36,9000,2467.08
1040,Ord-619,1,1,22/11/2025 20:37,9000,2467.08
1041,Ord-620,1,1,23/11/2025 19:39,9000,2467.08
1042,Ord-621,1,1,23/11/2025 19:40,9000,2467.08
1043,Ord-622,1,1,23/11/2025 20:11,9000,2467.08
1045,Ord-623,6,1,23/11/2025 20:12,7200,2073
1044,Ord-623,5,1,23/11/2025 20:12,5600,1765.1
1046,Ord-624,9,1,23/11/2025 20:15,8500,2476.08
1047,Ord-624,12,1,23/11/2025 20:15,8500,2538.35
1048,Ord-625,9,1,23/11/2025 20:17,8500,2476.08
1049,Ord-625,12,1,23/11/2025 20:17,8500,2538.35
1050,Ord-626,1,1,25/11/2025 11:17,9000,2467.08
1051,Ord-626,5,2,25/11/2025 11:18,5600,1765.1
1052,Ord-627,1,1,25/11/2025 11:20,9000,2467.08
1053,Ord-628,1,1,25/11/2025 11:21,9000,2467.08
1054,Ord-629,9,1,25/11/2025 11:23,8500,2476.08
1055,Ord-629,12,1,25/11/2025 11:23,8500,2538.35
1056,Ord-630,1,1,25/11/2025 11:24,9000,2467.08
1057,Ord-631,2,1,25/11/2025 11:27,9000,2538.35
1058,Ord-632,9,2,25/11/2025 11:31,8500,2476.08
1059,Ord-633,1,2,27/11/2025 10:45,9000,2467.08
1060,Ord-634,1,1,27/11/2025 10:47,9000,2467.08
1061,Ord-634,6,1,27/11/2025 10:47,7200,2073
1062,Ord-635,9,2,27/11/2025 10:49,8500,2476.08
1063,Ord-636,9,1,27/11/2025 10:53,8500,2476.08
1064,Ord-636,11,1,27/11/2025 10:53,8500,2626.49
1065,Ord-636,7,1,27/11/2025 10:53,5200,1474
1066,Ord-637,6,2,28/11/2025 14:20,8000,2073
1067,Ord-637,5,2,28/11/2025 14:21,5600,1765.1
1068,Ord-637,9,2,28/11/2025 14:21,8500,2476.08
1069,Ord-638,1,9,28/11/2025 14:23,9000,2467.08
1070,Ord-638,2,2,28/11/2025 14:23,9000,2538.35
1071,Ord-638,3,2,28/11/2025 14:23,9000,2626.49
1072,Ord-638,4,3,28/11/2025 14:23,9000,1976.96
1073,Ord-638,5,2,28/11/2025 14:23,5600,1765.1
1074,Ord-638,8,2,28/11/2025 14:24,9000,2338.67
1075,Ord-639,1,1,29/11/2025 11:26,9000,2467.08
1076,Ord-639,3,1,29/11/2025 11:26,9000,2626.49
1077,Ord-640,9,2,28/11/2025 17:27,8500,2476.08
1078,Ord-641,1,2,29/11/2025 19:44,9000,2467.08
1079,Ord-641,4,1,29/11/2025 19:45,9000,1976.96
1080,Ord-642,1,2,29/11/2025 19:47,9000,2467.08
1081,Ord-642,5,3,29/11/2025 19:47,5600,1765.1
1082,Ord-643,1,4,29/11/2025 19:50,9000,2467.08
1083,Ord-644,1,1,29/11/2025 19:52,9000,2467.08
1084,Ord-644,5,1,29/11/2025 19:52,5600,1765.1
1085,Ord-644,6,1,29/11/2025 19:52,8000,2073
1086,Ord-645,1,1,29/11/2025 19:54,9000,2467.08
1087,Ord-646,1,1,29/11/2025 19:58,9000,2467.08
1088,Ord-646,5,1,29/11/2025 19:58,5600,1765.1
1089,Ord-647,1,1,29/11/2025 20:01,9000,2467.08
1092,Ord-649,1,2,29/11/2025 20:13,9000,2467.08
1093,Ord-649,5,1,29/11/2025 20:13,5600,1765.1
1094,Ord-650,6,1,29/11/2025 20:14,8000,2073
1095,Ord-651,2,1,29/11/2025 20:16,9000,2538.35
1096,Ord-651,3,1,29/11/2025 20:16,9000,2626.49
1097,Ord-652,1,1,30/11/2025 11:05,9000,2467.08
1098,Ord-652,4,1,30/11/2025 11:05,9000,1976.96
1099,Ord-653,1,1,30/11/2025 23:38,9000,2467.08
1100,Ord-654,1,1,30/11/2025 23:39,9000,2467.08
1101,Ord-654,6,1,30/11/2025 23:39,8000,2073
1102,Ord-655,1,1,30/11/2025 23:40,9000,2467.08
1103,Ord-656,1,1,30/11/2025 23:42,9000,2467.08
1104,Ord-657,1,1,30/11/2025 18:13,9000,2467.08
1105,Ord-658,1,2,30/11/2025 18:33,9000,2467.08
1106,Ord-659,1,2,30/11/2025 19:07,9000,2467.08
1107,Ord-660,3,1,30/11/2025 16:30,9000,2626.49
1108,Ord-660,1,1,30/11/2025 16:30,9000,2467.08
1109,Ord-661,1,2,30/11/2025 16:30,9000,2467.08
1110,Ord-661,6,1,30/11/2025 16:30,8000,2073
1111,Ord-662,1,3,30/11/2025 16:30,9000,2467.08
1112,Ord-663,1,1,02/12/2025 10:57,9000,2467.08
1113,Ord-664,9,1,02/12/2025 10:58,8500,2476.08
1114,Ord-664,12,1,02/12/2025 10:58,8500,2538.35
1115,Ord-665,4,1,02/12/2025 11:00,9000,1976.96
1116,Ord-666,1,1,02/12/2025 11:01,9000,2467.08
1117,Ord-667,9,1,02/12/2025 11:05,8500,2476.08
1118,Ord-667,11,1,02/12/2025 11:05,8500,2626.49
1119,Ord-668,9,1,02/12/2025 17:41,8500,2476.08
1120,Ord-668,12,1,02/12/2025 17:41,8500,2538.35
1121,Ord-669,9,2,02/12/2025 17:54,8500,2476.08
1122,Ord-670,9,2,02/12/2025 18:07,8500,2476.08
1123,Ord-670,5,2,02/12/2025 18:07,5600,1765.1
1124,Ord-671,3,1,02/12/2025 18:48,9000,2626.49
1125,Ord-672,1,2,02/12/2025 20:23,9000,2467.08
1126,Ord-673,9,2,03/12/2025 13:39,8500,2476.08
1127,Ord-673,10,2,03/12/2025 13:39,8500,1976.96
1128,Ord-673,6,2,03/12/2025 13:39,8000,2073
1129,Ord-673,7,1,03/12/2025 13:39,5200,1474
1130,Ord-673,8,1,03/12/2025 13:39,9000,2338.67
1131,Ord-674,2,1,04/12/2025 11:49,9000,2538.35
1132,Ord-674,6,1,04/12/2025 11:49,8000,2073
1133,Ord-675,1,1,04/12/2025 11:52,9000,2467.08
1134,Ord-676,9,1,04/12/2025 11:54,8500,2476.08
1135,Ord-676,11,1,04/12/2025 11:55,8500,2626.49
1136,Ord-677,7,7,05/12/2025 19:05,5200,1474
1137,Ord-678,5,2,05/12/2025 19:28,5600,1765.1
1138,Ord-678,1,1,05/12/2025 19:29,9000,2467.08
1139,Ord-679,1,6,05/12/2025 19:41,9000,2467.08
1140,Ord-680,1,1,05/12/2025 19:46,9000,2467.08
1141,Ord-681,9,1,05/12/2025 19:47,8500,2476.08
1142,Ord-681,12,1,05/12/2025 19:48,8500,2538.35
1143,Ord-682,1,1,05/12/2025 19:50,9000,2467.08
1144,Ord-683,9,1,05/12/2025 19:53,8500,2476.08
1145,Ord-683,10,1,05/12/2025 19:53,8500,1976.96
1146,Ord-684,9,2,05/12/2025 19:55,8500,2476.08
1147,Ord-685,1,1,05/12/2025 19:57,9000,2467.08
1148,Ord-685,8,1,05/12/2025 19:58,9000,2338.67
1149,Ord-686,2,1,05/12/2025 20:00,9000,2538.35
1150,Ord-687,9,1,05/12/2025 20:03,8500,2476.08
1151,Ord-687,12,1,05/12/2025 20:04,8500,2538.35
1152,Ord-688,2,1,05/12/2025 20:06,9000,2538.35
1153,Ord-689,9,1,06/12/2025 10:32,8500,2476.08
1154,Ord-689,11,1,06/12/2025 10:33,8500,2626.49
1155,Ord-690,1,1,06/12/2025 10:36,9000,2467.08
1156,Ord-691,1,1,06/12/2025 10:40,9000,2467.08
1157,Ord-692,9,1,06/12/2025 10:47,8500,2476.08
1158,Ord-692,10,1,06/12/2025 10:47,8500,1976.96
1159,Ord-693,1,1,06/12/2025 10:52,9000,2467.08
1160,Ord-693,8,1,06/12/2025 10:52,9000,2338.67
1161,Ord-694,8,1,06/12/2025 11:08,9000,2338.67
1162,Ord-695,4,1,06/12/2025 11:09,9000,1976.96
1163,Ord-696,5,1,06/12/2025 11:37,5600,1765.1
1164,Ord-697,1,1,06/12/2025 11:39,9000,2467.08
1165,Ord-697,9,2,06/12/2025 11:39,8500,2476.08
1166,Ord-698,5,1,06/12/2025 11:40,5600,1765.1
1167,Ord-698,1,1,06/12/2025 11:40,9000,2467.08
1168,Ord-699,1,1,06/12/2025 11:43,9000,2467.08
1169,Ord-700,1,1,06/12/2025 11:54,9000,2467.08
1170,Ord-701,1,1,06/12/2025 11:59,9000,2467.08
1171,Ord-702,5,1,06/12/2025 12:00,5600,1765.1
1172,Ord-702,7,1,06/12/2025 12:00,5200,1474
1173,Ord-702,8,1,06/12/2025 12:00,9000,2338.67
1174,Ord-703,1,1,06/12/2025 12:03,9000,2467.08
1175,Ord-704,10,2,06/12/2025 12:03,8500,1976.96
1176,Ord-705,6,1,06/12/2025 12:05,8000,2073
1177,Ord-705,5,1,06/12/2025 12:05,5600,1765.1
1178,Ord-706,9,1,06/12/2025 12:09,8500,2476.08
1179,Ord-706,12,1,06/12/2025 12:09,8500,2538.35
1180,Ord-707,9,1,06/12/2025 16:51,8500,2476.08
1181,Ord-707,12,1,06/12/2025 16:51,8500,2538.35
1182,Ord-708,1,1,06/12/2025 17:38,9000,2467.08
1183,Ord-709,9,2,07/12/2025 10:22,8500,2476.08
1184,Ord-710,1,1,07/12/2025 10:24,9000,2467.08
1185,Ord-710,5,1,07/12/2025 10:24,5600,1765.1
1186,Ord-711,1,1,07/12/2025 10:26,9000,2467.08
1187,Ord-712,1,1,07/12/2025 10:29,9000,2467.08
1188,Ord-712,4,1,07/12/2025 10:30,9000,1976.96
1189,Ord-712,2,1,07/12/2025 10:30,9000,2538.35
1190,Ord-713,1,1,07/12/2025 13:13,9000,2467.08
1191,Ord-714,9,1,08/12/2025 13:50,8500,2476.08
1192,Ord-714,11,1,08/12/2025 13:50,8500,2626.49
1193,Ord-715,2,1,08/12/2025 13:52,9000,2538.35
1194,Ord-716,9,1,08/12/2025 13:53,8500,2476.08
1195,Ord-716,11,1,08/12/2025 13:54,8500,2626.49
1196,Ord-717,9,2,08/12/2025 13:55,8500,2476.08
1197,Ord-718,9,1,08/12/2025 13:56,8500,2476.08
1198,Ord-718,11,1,08/12/2025 13:56,8500,2626.49
1199,Ord-719,13,10,10/12/2025 15:47,18000,4582
1200,Ord-720,1,1,10/12/2025 15:50,9000,2412.74
1201,Ord-721,1,1,10/12/2025 16:15,9000,2412.74
1202,Ord-722,9,1,10/12/2025 16:19,8500,2412.74
1203,Ord-722,12,1,10/12/2025 16:19,8500,2596.96
1204,Ord-723,6,1,10/12/2025 16:22,8000,2412.74
1205,Ord-724,5,1,10/12/2025 16:25,5600,1721.04
1206,Ord-724,3,1,10/12/2025 16:25,9000,2754.18
1207,Ord-725,9,1,10/12/2025 16:27,8500,2412.74
1208,Ord-725,11,1,10/12/2025 16:27,8500,2754.18
1209,Ord-726,1,1,10/12/2025 16:29,9000,2412.74
1210,Ord-726,6,1,10/12/2025 16:29,8000,2412.74
1211,Ord-727,1,1,10/12/2025 16:42,9000,2412.74
1212,Ord-728,9,2,10/12/2025 16:44,8500,2412.74
1213,Ord-729,1,1,10/12/2025 16:45,9000,2412.74
1214,Ord-729,5,1,10/12/2025 16:46,5600,1721.04
1215,Ord-730,5,1,10/12/2025 18:28,5600,1721.04
1216,Ord-731,1,15,13/12/2025 11:45,9000,2412.74
1217,Ord-731,2,6,13/12/2025 11:46,9000,2596.96
1218,Ord-731,3,6,13/12/2025 11:46,9000,2754.18
1219,Ord-731,4,6,13/12/2025 11:46,9000,2130.04
1220,Ord-732,1,1,13/12/2025 11:48,9000,2412.74
1221,Ord-733,9,1,13/12/2025 11:49,8500,2412.74
1222,Ord-733,11,1,13/12/2025 11:50,8500,2754.18
1223,Ord-734,1,1,13/12/2025 11:51,9000,2412.74
1224,Ord-734,2,1,13/12/2025 11:51,9000,2596.96
1225,Ord-735,4,2,13/12/2025 11:56,9000,2130.04
1226,Ord-735,3,1,13/12/2025 11:57,9000,2754.18
1227,Ord-736,5,2,14/12/2025 12:00,5600,1721.04
1228,Ord-736,1,1,14/12/2025 12:00,9000,2412.74
1229,Ord-737,1,1,14/12/2025 12:04,9000,2412.74
1230,Ord-738,5,1,14/12/2025 12:07,5600,1721.04
1231,Ord-739,10,2,14/12/2025 12:08,8500,2130.04
1232,Ord-739,11,2,14/12/2025 12:08,8500,2754.18
1233,Ord-740,1,1,14/12/2025 12:09,9000,2412.74
1234,Ord-741,9,2,14/12/2025 12:11,8500,2412.74
1235,Ord-742,1,2,14/12/2025 12:13,9000,2412.74
1236,Ord-742,8,2,14/12/2025 12:13,9000,2412.74
1237,Ord-743,9,4,15/12/2025 18:24,8500,2412.74
1238,Ord-744,9,2,16/12/2025 15:09,8500,2412.74
1239,Ord-745,3,1,17/12/2025 15:11,9000,2754.18
1240,Ord-746,10,1,17/12/2025 15:12,8500,2130.04
1241,Ord-746,11,1,17/12/2025 15:13,8500,2754.18
1242,Ord-746,5,1,17/12/2025 15:13,5600,1721.04
1243,Ord-747,1,9,17/12/2025 15:15,9000,2412.74
1244,Ord-747,2,3,17/12/2025 15:15,9000,2596.96
1245,Ord-747,3,5,17/12/2025 15:15,9000,2754.18
1246,Ord-747,4,3,17/12/2025 15:15,9000,2130.04
1247,Ord-748,1,1,18/12/2025 17:19,9000,2412.74
1248,Ord-749,5,1,18/12/2025 17:20,5600,1721.04
1249,Ord-749,8,1,18/12/2025 17:20,8000,2412.74
1250,Ord-750,7,2,18/12/2025 17:23,5200,1655.16
1251,Ord-751,11,1,18/12/2025 17:24,8500,2754.18
1252,Ord-751,12,1,18/12/2025 17:24,8500,2596.96
1253,Ord-752,1,1,18/12/2025 17:27,9000,2412.74
1254,Ord-753,1,1,18/12/2025 17:28,9000,2412.74
1255,Ord-754,9,2,18/12/2025 17:33,8500,2412.74
1256,Ord-755,1,1,20/12/2025 11:06,9000,2412.74
1257,Ord-756,10,1,20/12/2025 11:08,8500,2130.04
1258,Ord-756,11,1,20/12/2025 11:09,8500,2754.18
1259,Ord-757,9,1,20/12/2025 11:13,8500,2412.74
1260,Ord-757,11,1,20/12/2025 11:13,8500,2754.18
1261,Ord-758,9,1,20/12/2025 11:17,8500,2412.74
1262,Ord-758,11,1,20/12/2025 11:17,8500,2754.18
1263,Ord-758,7,1,20/12/2025 11:19,5200,1655.16
1264,Ord-759,12,1,20/12/2025 11:22,8500,2596.96
1265,Ord-759,9,1,20/12/2025 11:23,8500,2412.74
1266,Ord-760,9,1,20/12/2025 11:24,8500,2412.74
1267,Ord-760,12,1,20/12/2025 11:24,8500,2596.96
1268,Ord-761,9,2,20/12/2025 11:26,8500,2412.74
1269,Ord-762,4,1,20/12/2025 11:27,9000,2130.04
1270,Ord-763,9,2,20/12/2025 11:39,8500,2412.74
1271,Ord-764,9,2,20/12/2025 11:40,8500,2412.74
1272,Ord-765,1,1,20/12/2025 11:41,9000,2412.74
1273,Ord-765,7,1,20/12/2025 11:41,5200,1655.16
1274,Ord-766,2,1,20/12/2025 11:46,9000,2596.96
1275,Ord-767,6,2,20/12/2025 11:53,8000,2412.74
1276,Ord-768,9,4,20/12/2025 11:56,8500,2412.74
1277,Ord-769,1,1,20/12/2025 12:00,9000,2412.74
1278,Ord-769,5,1,20/12/2025 12:00,5600,1721.04
1279,Ord-770,9,2,20/12/2025 12:02,8500,2412.74
1280,Ord-771,1,6,23/12/2025 17:03,9000,2412.74
1281,Ord-771,2,2,23/12/2025 17:04,9000,2596.96
1282,Ord-771,3,2,23/12/2025 17:04,9000,2754.18
1283,Ord-771,4,2,23/12/2025 17:04,9000,2130.04
1284,Ord-771,6,4,23/12/2025 17:04,8000,2412.74
1285,Ord-771,5,6,23/12/2025 17:07,5600,1721.04
1286,Ord-771,7,4,23/12/2025 17:07,5200,1655.16
1287,Ord-771,8,6,23/12/2025 17:07,8000,2412.74
1288,Ord-772,1,1,23/12/2025 17:33,9000,2412.74
1289,Ord-773,5,2,23/12/2025 17:39,5600,1721.04
1290,Ord-774,1,1,23/12/2025 17:44,9000,2412.74
1291,Ord-775,5,2,23/12/2025 17:45,5600,1721.04
1292,Ord-776,1,1,23/12/2025 18:30,9000,2412.74
1293,Ord-777,9,2,23/12/2025 18:35,8500,2412.74
1294,Ord-777,3,1,23/12/2025 18:35,9000,2754.18
1295,Ord-777,5,1,23/12/2025 18:35,5600,1721.04
1296,Ord-778,7,2,23/12/2025 18:37,5200,1655.16
1297,Ord-779,1,1,23/12/2025 18:40,9000,2412.74
1298,Ord-779,5,1,23/12/2025 18:40,5600,1721.04
1299,Ord-780,1,1,23/12/2025 18:42,9000,2412.74
1300,Ord-781,1,2,23/12/2025 18:44,9000,2412.74
1301,Ord-781,3,1,23/12/2025 18:44,9000,2754.18
1302,Ord-782,2,1,24/12/2025 19:07,9000,2596.96
1303,Ord-783,4,1,24/12/2025 19:18,9000,2130.04
1304,Ord-784,1,1,24/12/2025 19:22,9000,2412.74
1305,Ord-785,1,2,24/12/2025 19:26,9000,2412.74
1306,Ord-785,7,2,24/12/2025 19:26,5200,1655.16
1307,Ord-786,1,2,24/12/2025 19:28,9000,2412.74
1308,Ord-787,1,1,24/12/2025 19:43,9000,2412.74
1309,Ord-787,2,1,24/12/2025 19:44,9000,2596.96
1310,Ord-788,1,1,24/12/2025 19:45,9000,2412.74
1311,Ord-788,3,1,24/12/2025 19:46,9000,2754.18
1312,Ord-788,5,1,24/12/2025 19:46,5600,1721.04
1313,Ord-789,1,2,24/12/2025 19:47,9000,2412.74
1314,Ord-790,1,2,24/12/2025 19:48,9000,2412.74
1315,Ord-791,1,2,24/12/2025 19:50,9000,2412.74
1316,Ord-792,1,2,26/12/2025 11:26,9000,2412.74
1317,Ord-793,5,1,26/12/2025 11:27,5600,1721.04
1318,Ord-794,5,3,27/12/2025 11:43,5600,1721.04
1319,Ord-794,7,2,27/12/2025 11:43,5200,1655.16
1320,Ord-795,1,1,27/12/2025 11:46,9000,2412.74
1321,Ord-796,1,1,27/12/2025 11:48,9000,2412.74
1322,Ord-797,1,1,27/12/2025 11:49,9000,2412.74
1323,Ord-798,5,1,27/12/2025 11:51,5600,1721.04
1324,Ord-799,5,2,29/12/2025 11:21,6000,1721.04
1325,Ord-799,1,1,29/12/2025 11:21,9000,2412.74
1326,Ord-800,3,1,29/12/2025 11:24,9000,2754.18
1327,Ord-801,9,2,29/12/2025 11:25,8500,2412.74
1328,Ord-802,5,1,29/12/2025 11:27,6000,1721.04
1329,Ord-802,7,1,29/12/2025 11:27,6000,1655.16
1330,Ord-803,9,2,29/12/2025 11:29,8500,2412.74
1331,Ord-804,9,1,29/12/2025 11:31,8500,2412.74
1332,Ord-804,12,1,29/12/2025 11:31,8500,2596.96
1333,Ord-805,9,2,30/12/2025 19:07,8500,2412.74
1334,Ord-806,1,1,30/12/2025 19:09,9000,2412.74
1335,Ord-806,9,2,30/12/2025 19:09,8500,2412.74
1336,Ord-806,7,2,30/12/2025 19:10,6000,1655.16
1337,Ord-806,6,1,30/12/2025 19:10,8000,2412.74
1338,Ord-807,1,1,31/12/2025 17:04,9000,2412.74
1339,Ord-808,9,2,31/12/2025 17:08,8500,2412.74
1340,Ord-809,9,2,31/12/2025 17:10,8500,2412.74
1341,Ord-809,5,2,31/12/2025 17:11,6000,1721.04
1342,Ord-810,13,20,31/12/2025 17:16,18000,4582
1343,Ord-811,9,2,31/12/2025 17:18,8500,2412.74
1344,Ord-812,9,4,31/12/2025 21:41,8500,2412.74
1345,Ord-813,6,1,31/12/2025 21:42,8000,2412.74
1346,Ord-814,1,1,04/01/2026 23:03,9000,2412.74
1347,Ord-815,9,1,04/01/2026 23:04,8500,2412.74
1348,Ord-815,12,1,04/01/2026 23:04,8500,2596.96
1349,Ord-816,4,1,06/01/2026 00:00,9000,2130.04
1350,Ord-817,9,1,02/01/2026 00:00,8500,2412.74
1351,Ord-817,12,1,02/01/2026 00:00,8500,2596.96
1352,Ord-818,1,1,06/01/2026 00:00,9000,2412.74
1353,Ord-819,4,1,03/01/2026 00:00,9000,2130.04
1354,Ord-820,9,2,06/01/2026 00:00,8500,2412.74
1355,Ord-821,10,1,06/01/2026 00:00,8500,2130.04
1356,Ord-821,11,1,06/01/2026 00:00,8500,2754.18
1357,Ord-822,9,2,06/01/2026 00:00,8500,2412.74
1358,Ord-823,9,2,04/01/2026 00:00,8500,2412.74
1359,Ord-823,7,2,06/01/2026 00:00,6000,1655.16
1360,Ord-824,9,1,06/01/2026 00:00,8500,2412.74
1361,Ord-824,12,1,06/01/2026 00:00,8500,2596.96
1362,Ord-825,9,2,06/01/2026 00:00,8500,2412.74
1363,Ord-826,9,1,06/01/2026 00:00,8500,2412.74
1364,Ord-826,12,1,06/01/2026 00:00,8500,2596.96
1365,Ord-827,5,1,06/01/2026 00:00,6000,1721.04
1366,Ord-828,1,1,06/01/2026 00:00,9000,2412.74
1367,Ord-829,2,1,06/01/2026 00:00,9000,2596.96
1368,Ord-830,9,3,06/01/2026 00:00,8500,2412.74
1369,Ord-830,12,1,06/01/2026 00:00,8500,2596.96
1370,Ord-830,5,1,06/01/2026 00:00,6000,1721.04
1371,Ord-831,9,2,07/01/2026 00:00,8500,2412.74
1372,Ord-832,9,2,08/01/2026 00:00,8500,2412.74
1373,Ord-833,9,1,08/01/2026 00:00,8500,2412.74
1374,Ord-833,10,1,08/01/2026 00:00,8500,2130.04
1375,Ord-834,9,1,08/01/2026 00:00,8500,2412.74
1376,Ord-834,10,1,08/01/2026 00:00,8500,2130.04
1377,Ord-835,1,1,08/01/2026 00:00,9000,2412.74
1378,Ord-836,9,2,08/01/2026 00:00,8500,2412.74
1379,Ord-837,1,1,08/01/2026 00:00,9000,2412.74
1380,Ord-838,9,2,08/01/2026 00:00,8500,2412.74
1381,Ord-839,13,2,08/01/2026 00:00,18000,4582
1382,Ord-839,6,1,08/01/2026 00:00,8000,2412.74
1383,Ord-840,9,2,09/01/2026 00:00,8500,2412.74
1384,Ord-841,9,1,09/01/2026 00:00,8500,2412.74
1385,Ord-841,12,1,09/01/2026 00:00,8500,2596.96
1386,Ord-842,9,2,09/01/2026 00:00,8500,2412.74
1387,Ord-843,9,2,09/01/2026 00:00,8500,2412.74
1388,Ord-844,2,1,09/01/2026 00:00,9000,2596.96
1389,Ord-845,5,1,10/01/2026 00:00,6000,1721.04
1390,Ord-846,8,3,13/01/2026 00:00,6000,2412.74
1391,Ord-847,10,1,13/01/2026 00:00,8500,2130.04
1392,Ord-847,12,1,13/01/2026 00:00,8500,2596.96
1393,Ord-847,6,1,13/01/2026 00:00,8000,2412.74
1394,Ord-848,4,1,14/01/2026 00:00,9000,2130.04
1395,Ord-849,6,1,14/01/2026 00:00,8000,2412.74
1396,Ord-850,10,1,14/01/2026 00:00,8500,2130.04
1397,Ord-850,11,1,14/01/2026 00:00,8500,2754.18
1398,Ord-851,3,1,14/01/2026 00:00,9000,2754.18
1399,Ord-852,12,2,14/01/2026 00:00,8500,2596.96
1400,Ord-853,6,1,14/01/2026 00:00,8000,2412.74
1401,Ord-854,4,1,14/01/2026 00:00,9000,2130.04
1402,Ord-855,2,1,14/01/2026 00:00,9000,2596.96
1403,Ord-856,2,1,14/01/2026 00:00,9000,2596.96
1404,Ord-857,10,1,14/01/2026 00:00,8500,2130.04
1405,Ord-857,12,1,14/01/2026 00:00,8500,2596.96
1406,Ord-857,6,1,14/01/2026 00:00,8000,2412.74
1407,Ord-858,1,5,09/01/2026 00:00,10000,2412.74
1408,Ord-858,8,8,09/01/2026 00:00,6000,2412.74
1409,Ord-858,4,7,09/01/2026 00:00,9000,2130.04
1410,Ord-859,2,1,19/01/2026 00:00,9000,2596.96
1411,Ord-860,11,2,19/01/2026 00:00,8500,2754.18
1412,Ord-861,10,1,19/01/2026 00:00,8500,2130.04
1413,Ord-861,11,1,19/01/2026 00:00,8500,2754.18
1414,Ord-862,2,1,19/01/2026 00:00,9000,2596.96
1415,Ord-863,2,1,19/01/2026 00:00,9000,2596.96
1416,Ord-864,6,1,19/01/2026 00:00,8000,2412.74
1417,Ord-864,12,1,19/01/2026 00:00,8500,2596.96
1418,Ord-864,10,1,19/01/2026 00:00,8500,2130.04
1419,Ord-865,11,1,19/01/2026 00:00,8500,2754.18
1420,Ord-865,10,1,19/01/2026 00:00,8500,2130.04
1421,Ord-866,10,1,19/01/2026 00:00,8500,2130.04
1423,Ord-866,11,1,19/01/2026 00:00,8500,2754.18
1422,Ord-866,1,1,19/01/2026 00:00,10000,2412.74
1424,Ord-866,5,3,19/01/2026 00:00,6000,1721.04
1425,Ord-867,9,2,19/01/2026 00:00,8500,2412.74
1426,Ord-867,4,1,19/01/2026 00:00,9000,2130.04
1427,Ord-868,12,1,19/01/2026 00:00,8500,2596.96
1428,Ord-868,10,1,19/01/2026 00:00,8500,2130.04
1429,Ord-868,6,2,19/01/2026 00:00,8000,2412.74
1430,Ord-868,5,2,19/01/2026 00:00,6000,1721.04
1431,Ord-869,1,1,23/01/2026 00:00,10000,2412.74
1432,Ord-870,9,1,19/01/2026 00:00,8500,2412.74
1433,Ord-870,10,1,19/01/2026 00:00,8500,2130.04
1434,Ord-871,9,2,19/01/2026 00:00,8500,2412.74
1435,Ord-872,9,3,19/01/2026 00:00,8500,2412.74
1436,Ord-872,3,1,19/01/2026 00:00,9000,2754.18
1437,Ord-873,10,1,19/01/2026 00:00,8500,2130.04
1438,Ord-873,12,1,19/01/2026 00:00,8500,2596.96
1439,Ord-874,9,2,20/01/2026 00:00,8500,2412.74
1440,Ord-875,9,2,20/01/2026 00:00,8500,2412.74
1441,Ord-876,9,2,20/01/2026 00:00,8500,2412.74
1442,Ord-876,12,1,20/01/2026 00:00,8500,2596.96
1443,Ord-876,11,1,20/01/2026 00:00,8500,2754.18
1444,Ord-876,5,1,20/01/2026 00:00,6000,1721.04
1445,Ord-877,9,2,20/01/2026 00:00,8500,2412.74
1446,Ord-878,10,1,22/01/2026 00:00,8500,2130.04
1447,Ord-878,12,1,22/01/2026 00:00,8500,2596.96
1448,Ord-879,11,1,22/01/2026 00:00,8500,2754.18
1449,Ord-879,12,1,22/01/2026 00:00,8500,2596.96
1450,Ord-880,4,1,22/01/2026 00:00,9000,2130.04
1451,Ord-880,8,1,22/01/2026 00:00,6000,2412.74
1452,Ord-880,5,1,22/01/2026 00:00,6000,1721.04
1453,Ord-880,6,1,22/01/2026 00:00,8000,2412.74
1454,Ord-880,7,1,22/01/2026 00:00,6000,1655.16
1455,Ord-881,9,2,24/01/2026 00:00,8500,2412.74
1456,Ord-882,12,1,25/01/2026 00:00,8500,2596.96
1457,Ord-882,9,1,25/01/2026 00:00,8500,2412.74
1458,Ord-883,10,1,26/01/2026 00:00,8500,2130.04
1459,Ord-883,12,1,26/01/2026 00:00,8500,2596.96
1460,Ord-883,6,1,26/01/2026 00:00,8000,2412.74
1463,Ord-885,4,1,27/01/2026 00:00,9000,2130.04
1464,Ord-886,9,2,27/01/2026 00:00,8500,2412.74
1465,Ord-887,9,2,27/01/2026 00:00,8500,2412.74
1466,Ord-888,1,1,28/01/2026 00:00,10000,2412.74
1467,Ord-889,1,1,28/01/2026 00:00,10000,2412.74
1468,Ord-890,9,2,30/01/2026 00:00,8500,2412.74
1469,Ord-891,9,1,02/02/2026 00:00,8500,2412.74
1470,Ord-891,11,1,02/02/2026 00:00,8500,2754.18
1471,Ord-892,9,2,31/01/2026 00:00,8500,2412.74
1472,Ord-893,1,1,02/02/2026 00:00,10000,2412.74
1473,Ord-894,9,2,05/02/2026 00:00,9000,2412.74
1474,Ord-895,10,1,05/02/2026 00:00,9000,2130.04
1475,Ord-895,9,1,02/02/2026 00:00,9000,2412.74
1476,Ord-896,9,2,02/02/2026 00:00,9000,2412.74
1477,Ord-896,1,1,02/02/2026 00:00,10000,2412.74
1478,Ord-896,6,2,02/02/2026 00:00,8000,2412.74
1479,Ord-897,1,1,02/02/2026 00:00,10000,2412.74
1480,Ord-898,9,2,02/02/2026 00:00,9000,2412.74
1481,Ord-898,7,2,02/02/2026 00:00,6000,1655.16
1482,Ord-899,4,1,02/02/2026 00:00,10000,2130.04
1483,Ord-900,1,1,03/02/2026 00:00,10000,2412.74
1484,Ord-901,2,1,03/02/2026 00:00,10000,2596.96
1485,Ord-901,8,1,03/02/2026 00:00,6000,2412.74
1486,Ord-901,5,1,03/02/2026 00:00,6000,1721.04
1487,Ord-902,12,1,03/02/2026 00:00,9000,2596.96
1488,Ord-902,9,1,03/02/2026 00:00,9000,2412.74
1489,Ord-903,9,2,04/02/2026 00:00,9000,2412.74
1490,Ord-904,9,4,04/02/2026 00:00,9000,2412.74
1491,Ord-905,9,2,04/02/2026 00:00,9000,2412.74
1492,Ord-906,6,2,04/02/2026 00:00,8000,2412.74
1493,Ord-906,9,2,04/02/2026 00:00,9000,2412.74
1494,Ord-906,5,2,04/02/2026 00:00,6000,1721.04
1495,Ord-907,1,1,05/02/2026 00:00,10000,2412.74
1496,Ord-907,8,1,05/02/2026 00:00,6000,2412.74
1497,Ord-908,9,4,05/02/2026 00:00,9000,2412.74
1498,Ord-909,9,1,05/02/2026 00:00,9000,2412.74
1499,Ord-909,11,1,05/02/2026 00:00,9000,2754.18
1500,Ord-910,1,1,05/02/2026 00:00,10000,2412.74
1501,Ord-911,9,1,06/02/2026 00:00,9000,2412.74
1502,Ord-911,12,1,06/02/2026 00:00,9000,2596.96
1503,Ord-912,1,1,06/02/2026 00:00,10000,2412.74
1504,Ord-913,1,1,06/02/2026 00:00,10000,2412.74
1505,Ord-914,9,2,06/02/2026 00:00,9000,2412.74
1506,Ord-915,6,1,06/02/2026 00:00,8000,2412.74
1507,Ord-916,11,1,06/02/2026 00:00,9000,2754.18
1508,Ord-916,12,1,06/02/2026 00:00,9000,2596.96
1509,Ord-917,1,1,06/02/2026 00:00,10000,2412.74
1510,Ord-917,5,1,06/02/2026 00:00,6000,1721.04
1511,Ord-918,9,2,06/02/2026 00:00,9000,2412.74
1512,Ord-919,9,2,06/02/2026 00:00,9000,2412.74
1513,Ord-919,5,1,06/02/2026 00:00,6000,1721.04
1514,Ord-920,9,2,07/02/2026 00:00,9000,2412.74
1515,Ord-921,2,1,07/02/2026 00:00,10000,2596.96
1516,Ord-922,9,1,07/02/2026 00:00,9000,2412.74
1517,Ord-922,11,1,07/02/2026 00:00,9000,2754.18
1518,Ord-922,4,1,07/02/2026 00:00,10000,2130.04
1519,Ord-923,9,2,07/02/2026 00:00,9000,2412.74
1520,Ord-924,9,2,08/02/2026 00:00,9000,2412.74
1521,Ord-925,9,1,09/02/2026 00:00,9000,2412.74
1522,Ord-925,10,1,09/02/2026 00:00,9000,2130.04
1523,Ord-926,9,1,09/02/2026 00:00,9000,2412.74
1524,Ord-926,11,1,09/02/2026 00:00,9000,2754.18
1525,Ord-927,9,1,10/02/2026 00:00,9000,2412.74
1526,Ord-927,12,1,10/02/2026 00:00,9000,2596.96
1527,Ord-928,9,2,10/02/2026 00:00,9000,2412.74
1528,Ord-929,1,1,10/02/2026 00:00,10000,2412.74
1529,Ord-929,4,1,10/02/2026 00:00,10000,2130.04
1530,Ord-930,1,1,10/02/2026 00:00,10000,2412.74
1531,Ord-931,9,1,11/02/2026 00:00,9000,2412.74
1532,Ord-931,12,1,11/02/2026 00:00,9000,2596.96
1533,Ord-932,9,1,11/02/2026 00:00,9000,2412.74
1534,Ord-932,10,1,11/02/2026 00:00,9000,2130.04
1535,Ord-933,9,1,11/02/2026 00:00,9000,2412.74
1536,Ord-933,10,1,11/02/2026 00:00,9000,2130.04
1537,Ord-934,1,8,11/02/2026 00:00,10000,2412.74
1538,Ord-935,8,1,12/02/2026 00:00,6000,2412.74
1539,Ord-935,5,2,12/02/2026 00:00,6000,1721.04
1540,Ord-936,1,1,12/02/2026 00:00,10000,2412.74
1541,Ord-936,2,1,12/02/2026 00:00,10000,2596.96
1542,Ord-936,3,1,12/02/2026 00:00,10000,2754.18
1543,Ord-937,1,1,12/02/2026 00:00,10000,2412.74
1544,Ord-937,7,2,12/02/2026 00:00,6000,1655.16
1545,Ord-938,1,1,12/02/2026 00:00,10000,2412.74
1546,Ord-939,2,1,12/02/2026 00:00,10000,2596.96
1547,Ord-939,4,1,12/02/2026 00:00,10000,2130.04
1548,Ord-940,6,1,12/02/2026 00:00,8000,2412.74
1549,Ord-940,5,1,12/02/2026 00:00,6000,1721.04
1550,Ord-940,3,1,12/02/2026 00:00,10000,2754.18
1551,Ord-940,2,1,12/02/2026 00:00,10000,2596.96
1552,Ord-940,7,1,12/02/2026 00:00,6000,1655.16
1553,Ord-941,1,1,13/02/2026 00:00,10000,2412.74
1554,Ord-941,2,1,13/02/2026 00:00,10000,2596.96
1555,Ord-941,3,1,13/02/2026 00:00,10000,2754.18
1556,Ord-942,1,3,13/02/2026 00:00,10000,2412.74
1557,Ord-943,1,1,13/02/2026 00:00,10000,2412.74
1558,Ord-943,2,1,13/02/2026 00:00,10000,2596.96
1559,Ord-943,3,1,13/02/2026 00:00,10000,2754.18
1560,Ord-943,4,1,13/02/2026 00:00,10000,2130.04
1561,Ord-944,1,1,13/02/2026 00:00,10000,2412.74
1562,Ord-944,4,1,13/02/2026 00:00,10000,2130.04
1563,Ord-945,1,1,13/02/2026 00:00,10000,2412.74
1564,Ord-946,1,2,13/02/2026 00:00,10000,2412.74
1565,Ord-947,1,2,13/02/2026 00:00,10000,2412.74
1566,Ord-948,2,1,13/02/2026 00:00,10000,2596.96
1567,Ord-948,6,1,13/02/2026 00:00,8000,2412.74
1568,Ord-948,5,1,13/02/2026 00:00,6000,1721.04
1569,Ord-949,1,1,13/02/2026 00:00,10000,2412.74
1570,Ord-949,3,1,13/02/2026 00:00,10000,2754.18
1571,Ord-950,5,1,13/02/2026 00:00,6000,1721.04
1572,Ord-950,7,1,13/02/2026 00:00,6000,1655.16
1573,Ord-951,5,1,13/02/2026 00:00,6000,1721.04
1574,Ord-951,6,1,13/02/2026 00:00,8000,2412.74
1575,Ord-952,1,1,13/02/2026 00:00,10000,2412.74
1576,Ord-953,1,1,13/02/2026 00:00,10000,2412.74
1577,Ord-953,4,1,13/02/2026 00:00,10000,2130.04
1578,Ord-954,1,1,14/02/2026 00:00,10000,2412.74
1579,Ord-954,5,1,16/02/2026 00:00,6000,1721.04
1580,Ord-954,7,1,16/02/2026 00:00,6000,1655.16
1581,Ord-954,3,1,16/02/2026 00:00,10000,2754.18
1582,Ord-955,1,1,14/02/2026 00:00,10000,2412.74
1583,Ord-955,3,1,14/02/2026 00:00,10000,2754.18
1584,Ord-956,1,2,14/02/2026 00:00,10000,2412.74
1585,Ord-957,1,1,14/02/2026 00:00,10000,2412.74
1586,Ord-957,5,1,14/02/2026 00:00,6000,1721.04
1587,Ord-958,1,1,15/02/2026 00:00,10000,2412.74
1588,Ord-958,6,1,15/02/2026 00:00,8000,2412.74
1589,Ord-959,9,1,16/02/2026 00:00,9000,2412.74
1590,Ord-959,10,1,15/02/2026 00:00,9000,2130.04
1591,Ord-959,11,1,15/02/2026 00:00,9000,2754.18
1592,Ord-959,12,1,15/02/2026 00:00,9000,2596.96
1593,Ord-960,1,1,15/02/2026 00:00,10000,2412.74
1594,Ord-961,6,1,15/02/2026 00:00,8000,2412.74
1595,Ord-961,5,1,15/02/2026 00:00,6000,1721.04
1596,Ord-962,9,2,16/02/2026 00:00,9000,2412.74
1597,Ord-963,1,1,16/02/2026 00:00,10000,2412.74
1598,Ord-964,1,1,16/02/2026 00:00,10000,2412.74
1599,Ord-964,11,1,16/02/2026 00:00,9000,2754.18
1600,Ord-964,12,1,16/02/2026 00:00,9000,2596.96
1601,Ord-965,13,20,13/02/2026 00:00,10000,4582
1602,Ord-966,9,2,17/02/2026 00:00,9000,2412.74
1603,Ord-967,1,1,13/02/2026 00:00,10000,2412.74
1604,Ord-968,1,1,19/02/2026 00:00,10000,2412.74
1605,Ord-969,1,1,19/02/2026 00:00,10000,2412.74
1606,Ord-970,9,2,19/02/2026 00:00,9000,2412.74
1607,Ord-971,9,2,13/02/2026 00:00,9000,2412.74
1608,Ord-972,8,1,13/02/2026 00:00,6000,2412.74
1609,Ord-972,1,1,13/02/2026 00:00,10000,2412.74
1610,Ord-972,2,1,13/02/2026 00:00,10000,2596.96
1611,Ord-972,3,1,13/02/2026 00:00,10000,2754.18
1612,Ord-973,1,1,19/02/2026 19:59,10000,2412.74
1613,Ord-974,1,1,20/02/2026 10:25,10000,2412.74
1614,Ord-975,9,1,20/02/2026 12:00,9000,2412.74
1615,Ord-975,11,1,20/02/2026 12:00,9000,2754.18
1616,Ord-976,9,1,20/02/2026 19:51,9000,2412.74
1617,Ord-976,12,1,20/02/2026 19:53,9000,2596.96
1618,Ord-976,5,1,20/02/2026 19:53,6000,1721.04
1619,Ord-977,9,1,20/02/2026 20:33,9000,2412.74
1620,Ord-977,11,1,20/02/2026 20:34,9000,2754.18
1621,Ord-978,9,1,20/02/2026 22:11,9000,2412.74
1622,Ord-978,10,1,20/02/2026 22:12,9000,2130.04
1623,Ord-979,1,1,21/02/2026 11:14,10000,2412.74
1624,Ord-980,3,1,21/02/2026 12:15,10000,2754.18
1625,Ord-981,1,1,21/02/2026 15:26,10000,2412.74
1626,Ord-982,2,1,21/02/2026 15:56,10000,2596.96
1627,Ord-982,5,1,21/02/2026 15:57,6000,1721.04
1628,Ord-983,9,6,21/02/2026 17:07,9000,2412.74
1629,Ord-983,5,2,21/02/2026 17:07,6000,1721.04
1630,Ord-984,1,1,21/02/2026 18:22,10000,2412.74
1631,Ord-985,1,1,21/02/2026 18:08,10000,2412.74
1632,Ord-986,1,1,21/02/2026 21:36,10000,2412.74
1633,Ord-987,9,1,21/02/2026 21:37,9000,2412.74
1634,Ord-987,12,1,21/02/2026 21:38,9000,2596.96
1635,Ord-988,9,2,21/02/2026 21:38,9000,2412.74
1636,Ord-989,9,1,22/02/2026 12:12,9000,2412.74
1637,Ord-989,10,1,22/02/2026 12:12,9000,2130.04
1638,Ord-990,9,2,22/02/2026 12:13,9000,2412.74
1639,Ord-991,9,1,22/02/2026 13:59,9000,2412.74
1640,Ord-991,11,1,22/02/2026 13:59,9000,2754.18
1641,Ord-992,9,2,22/02/2026 18:43,9000,2412.74
1642,Ord-993,9,1,22/02/2026 20:28,9000,2412.74
1643,Ord-993,10,1,22/02/2026 20:28,9000,2130.04
1644,Ord-994,1,1,22/02/2026 20:30,10000,2412.74
1645,Ord-995,3,1,22/02/2026 20:31,10000,2754.18
1646,Ord-996,1,1,23/02/2026 12:51,10000,2412.74
1647,Ord-996,9,2,23/02/2026 12:51,9000,2412.74
1648,Ord-997,9,2,23/02/2026 15:03,9000,2412.74
1649,Ord-997,8,1,23/02/2026 15:03,6000,2412.74
1650,Ord-997,5,1,23/02/2026 15:03,6000,1721.04
1651,Ord-998,9,1,23/02/2026 17:54,9000,2412.74
1652,Ord-998,11,1,23/02/2026 17:54,9000,2754.18
1653,Ord-998,5,1,23/02/2026 17:54,6000,1721.04
1654,Ord-999,10,2,24/02/2026 15:24,9000,2130.04
1655,Ord-1000,5,1,25/02/2026 10:30,6000,1721.04
1656,Ord-1001,5,1,25/02/2026 10:34,6000,1721.04
1657,Ord-1002,9,2,25/02/2026 10:35,9000,2412.74
1658,Ord-1002,12,1,25/02/2026 10:35,9000,2596.96
1659,Ord-1002,11,1,25/02/2026 10:36,9000,2754.18
1660,Ord-1003,9,2,25/02/2026 18:00,9000,2412.74
1661,Ord-1003,12,2,25/02/2026 18:00,9000,2596.96
1662,Ord-1004,1,1,25/02/2026 18:01,10000,2412.74
1663,Ord-1005,9,2,26/02/2026 12:10,9000,2412.74
1664,Ord-1006,9,1,26/02/2026 14:28,9000,2412.74
1665,Ord-1006,10,1,26/02/2026 14:28,9000,2130.04
1666,Ord-1006,11,1,26/02/2026 14:28,9000,2754.18
1667,Ord-1006,12,1,26/02/2026 14:28,9000,2596.96
1668,Ord-1007,1,1,26/02/2026 12:40,10000,2412.74
1669,Ord-1008,7,1,26/02/2026 12:40,6000,1655.16
1670,Ord-1009,1,1,26/02/2026 14:52,10000,2412.74
1671,Ord-1010,9,2,26/02/2026 15:39,9000,2412.74
1672,Ord-1011,7,2,26/02/2026 16:30,6000,1655.16
1673,Ord-1012,3,1,26/02/2026 16:31,10000,2754.18
1674,Ord-1013,9,2,26/02/2026 18:38,9000,2412.74
1675,Ord-1014,9,1,26/02/2026 18:39,9000,2412.74
1676,Ord-1014,10,1,26/02/2026 18:40,9000,2130.04
1677,Ord-1015,1,1,27/02/2026 00:16,10000,2412.74
1678,Ord-1015,9,2,27/02/2026 00:16,9000,2412.74
1679,Ord-1016,9,4,27/02/2026 10:26,9000,2412.74
1680,Ord-1016,10,1,27/02/2026 10:26,9000,2130.04
1681,Ord-1016,11,1,27/02/2026 10:26,9000,2754.18
1682,Ord-1017,5,2,27/02/2026 10:29,6000,1721.04
1683,Ord-1017,1,1,27/02/2026 10:29,10000,2412.74
1684,Ord-1018,7,2,27/02/2026 13:48,6000,1655.16
1685,Ord-1019,9,4,27/02/2026 15:54,9000,2412.74
1686,Ord-1020,11,1,27/02/2026 16:09,9000,2754.18
1687,Ord-1020,12,1,27/02/2026 16:10,9000,2596.96
1688,Ord-1021,9,2,27/02/2026 22:08,9000,2412.74
1689,Ord-1022,1,1,27/02/2026 22:11,10000,2412.74
1690,Ord-1022,7,0,27/02/2026 22:11,6000,1655.16
1691,Ord-1022,5,1,27/02/2026 22:11,6000,1721.04
1692,Ord-1022,6,1,27/02/2026 22:11,8000,2412.74
1693,Ord-1023,7,1,27/02/2026 22:15,6000,1655.16
1694,Ord-1024,9,2,27/02/2026 22:17,9000,2412.74
1695,Ord-1025,9,2,27/02/2026 22:18,9000,2412.74
1696,Ord-1026,9,1,27/02/2026 22:20,9000,2412.74
1697,Ord-1026,10,1,27/02/2026 22:20,9000,2130.04
1698,Ord-1027,9,2,27/02/2026 22:25,9000,2412.74
1699,Ord-1027,11,2,27/02/2026 22:25,9000,2754.18
1700,Ord-1027,12,2,27/02/2026 22:26,9000,2596.96
1701,Ord-1027,5,4,27/02/2026 22:26,6000,1721.04
1702,Ord-1028,7,2,27/02/2026 22:29,6000,1655.16
1703,Ord-1029,1,2,28/02/2026 11:16,10000,2412.74
1704,Ord-1029,4,2,28/02/2026 11:16,10000,2130.04
1705,Ord-1030,10,1,28/02/2026 12:25,9000,2130.04
1706,Ord-1030,9,1,28/02/2026 12:25,9000,2412.74
1708,Ord-1030,6,2,28/02/2026 20:26,8000,2412.74
1709,Ord-1030,5,2,28/02/2026 20:26,6000,1721.04
1710,Ord-1031,7,2,28/02/2026 20:29,6000,1655.16
1711,Ord-1032,1,1,28/02/2026 20:32,10000,2412.74
1712,Ord-1033,9,1,28/02/2026 20:33,9000,2412.74
1713,Ord-1033,10,1,28/02/2026 20:33,9000,2130.04
1714,Ord-1034,9,2,28/02/2026 20:35,9000,2412.74
1715,Ord-1034,8,2,28/02/2026 20:35,6000,2412.74
1716,Ord-1034,6,1,28/02/2026 20:35,8000,2412.74
1717,Ord-1034,5,1,28/02/2026 20:36,6000,1721.04
1718,Ord-1034,12,1,28/02/2026 20:36,9000,2596.96
1719,Ord-1034,11,1,28/02/2026 20:36,9000,2754.18
1720,Ord-1035,11,1,28/02/2026 20:38,9000,2754.18
1721,Ord-1035,10,1,28/02/2026 20:39,9000,2130.04
1722,Ord-1036,9,2,28/02/2026 20:41,9000,2412.74
1723,Ord-1037,9,2,28/02/2026 20:45,9000,2412.74
1724,Ord-1038,1,1,01/03/2026 18:01,10000,2412.74
1725,Ord-1039,2,1,01/03/2026 19:02,10000,2596.96
1726,Ord-1039,1,1,01/03/2026 19:03,10000,2412.74
1727,Ord-1040,9,8,02/03/2026 18:04,9000,2412.74
1728,Ord-1041,5,2,02/03/2026 18:06,6000,1721.04
1729,Ord-1042,5,1,02/03/2026 18:09,6000,1721.04
1730,Ord-1043,6,1,02/03/2026 16:09,8000,2412.74
1731,Ord-1045,1,1,03/03/2026 17:10,10000,2412.74
1732,Ord-1046,5,3,03/03/2026 17:11,6000,1721.04
1733,Ord-1047,1,1,03/03/2026 17:11,10000,2412.74
1734,Ord-1048,1,6,03/03/2026 18:12,10000,2412.74
1735,Ord-1048,2,6,03/03/2026 18:12,10000,2596.96
1736,Ord-1048,3,6,03/03/2026 18:13,10000,2754.18
1737,Ord-1048,4,6,03/03/2026 18:13,10000,2130.04
1738,Ord-1048,6,2,03/03/2026 18:13,8000,2412.74
1739,Ord-1048,7,2,03/03/2026 18:13,6000,1655.16
1740,Ord-1048,5,2,03/03/2026 18:13,6000,1721.04
1741,Ord-1049,5,3,03/03/2026 18:15,6000,1721.04
1742,Ord-1050,7,2,03/03/2026 18:16,6000,1655.16
1743,Ord-1051,9,1,03/03/2026 19:55,9000,2412.74
1744,Ord-1051,11,1,03/03/2026 19:55,9000,2754.18
1745,Ord-1052,5,2,03/03/2026 19:56,6000,1721.04
1746,Ord-1053,5,2,04/03/2026 18:34,6000,1721.04
1747,Ord-1054,9,2,05/03/2026 18:35,9000,2412.74
1748,Ord-1055,9,1,05/03/2026 18:37,9000,2412.74
1749,Ord-1055,12,1,05/03/2026 18:37,9000,2596.96
1750,Ord-1056,1,1,05/03/2026 18:42,10000,2412.74
1751,Ord-1057,5,1,05/03/2026 18:43,6000,1721.04
1752,Ord-1058,5,2,05/03/2026 18:45,6000,1721.04
1753,Ord-1059,1,1,05/03/2026 18:48,10000,2412.74
1754,Ord-1060,1,1,05/03/2026 18:51,10000,2412.74
1755,Ord-1060,8,1,05/03/2026 18:51,6000,2412.74
1756,Ord-1061,9,2,05/03/2026 18:52,9000,2412.74
1757,Ord-1062,1,1,05/03/2026 22:12,10000,2412.74
1758,Ord-1063,1,1,06/03/2026 19:31,10000,2412.74
1759,Ord-1064,9,2,06/03/2026 19:34,9000,2412.74
1760,Ord-1065,7,1,06/03/2026 19:36,6000,1655.16
1761,Ord-1065,8,1,06/03/2026 19:36,6000,2412.74
1762,Ord-1065,4,1,06/03/2026 19:37,10000,2130.04
1763,Ord-1066,11,1,06/03/2026 19:56,9000,2754.18
1764,Ord-1066,10,1,06/03/2026 19:56,9000,2130.04
1765,Ord-1067,2,1,06/03/2026 19:58,10000,2596.96
1766,Ord-1068,2,1,06/03/2026 19:59,10000,2596.96
1767,Ord-1069,9,1,06/03/2026 20:02,9000,2412.74
1768,Ord-1069,11,1,06/03/2026 20:02,9000,2754.18
1769,Ord-1070,1,1,07/03/2026 00:04,10000,2412.74
1770,Ord-1071,1,1,07/03/2026 00:07,10000,2412.74
1771,Ord-1072,5,2,07/03/2026 00:09,6000,1721.04
1772,Ord-1073,9,2,07/03/2026 01:06,9000,2412.74
1773,Ord-1073,8,1,07/03/2026 01:06,6000,2412.74
1774,Ord-1073,5,1,07/03/2026 01:06,6000,1721.04
1775,Ord-1074,9,2,07/03/2026 01:09,9000,2412.74
1776,Ord-1075,9,1,07/03/2026 01:13,9000,2412.74
1777,Ord-1075,10,1,07/03/2026 01:13,9000,2130.04
1778,Ord-1075,5,1,07/03/2026 01:13,6000,1721.04
1779,Ord-1076,9,2,07/03/2026 01:20,9000,2412.74
1780,Ord-1077,1,1,07/03/2026 01:22,10000,2412.74
1781,Ord-1078,1,1,07/03/2026 01:23,10000,2412.74
1782,Ord-1079,1,15,07/03/2026 01:26,10000,2412.74
1783,Ord-1079,2,6,07/03/2026 01:27,10000,2596.96
1784,Ord-1079,3,6,07/03/2026 01:27,10000,2754.18
1785,Ord-1079,4,6,07/03/2026 01:27,10000,2130.04
1786,Ord-1080,1,1,08/03/2026 13:25,10000,2412.74
1787,Ord-1081,9,2,08/03/2026 13:27,9000,2412.74
1788,Ord-1081,8,2,08/03/2026 13:27,6000,2412.74
1789,Ord-1082,1,1,08/03/2026 13:30,10000,2412.74
1790,Ord-1083,9,1,08/03/2026 13:37,9000,2412.74
1791,Ord-1083,11,1,08/03/2026 13:37,9000,2754.18
1792,Ord-1083,5,1,08/03/2026 13:37,6000,1721.04
1793,Ord-1084,1,1,08/03/2026 13:41,10000,2412.74
1794,Ord-1085,7,5,08/03/2026 13:45,6000,1655.16
1795,Ord-1086,9,4,08/03/2026 13:46,9000,2412.74
1796,Ord-1087,6,1,08/03/2026 13:48,8000,2412.74
1797,Ord-1087,5,1,08/03/2026 13:48,6000,1721.04
1798,Ord-1088,1,1,09/03/2026 15:04,10000,2412.74
1799,Ord-1089,9,4,09/03/2026 15:07,9000,2412.74
1800,Ord-1090,9,2,09/03/2026 15:09,9000,2412.74
1801,Ord-1091,4,1,09/03/2026 15:11,10000,2130.04
1802,Ord-1092,9,2,09/03/2026 15:13,9000,2412.74
1803,Ord-1092,4,1,09/03/2026 15:13,10000,2130.04
1804,Ord-1093,9,4,08/03/2026 16:45,9000,2412.74
1805,Ord-1094,9,1,09/03/2026 15:28,9000,2412.74
1806,Ord-1094,12,1,09/03/2026 15:28,9000,2596.96
1807,Ord-1095,9,2,09/03/2026 16:11,9000,2412.74
1808,Ord-1096,9,1,10/03/2026 18:17,9000,2412.74
1809,Ord-1096,12,1,10/03/2026 18:17,9000,2596.96
1810,Ord-1097,1,1,09/03/2026 18:19,10000,2412.74
1811,Ord-1098,10,2,10/03/2026 18:24,9000,2130.04
1812,Ord-1098,11,1,10/03/2026 18:24,9000,2754.18
1813,Ord-1098,12,1,10/03/2026 18:24,9000,2596.96
1814,Ord-1098,7,2,10/03/2026 18:24,6000,1655.16
1815,Ord-1099,10,1,10/03/2026 21:04,9000,2130.04
1816,Ord-1099,12,1,10/03/2026 21:04,9000,2596.96
1817,Ord-1100,9,2,11/03/2026 15:07,9000,2547.5
1818,Ord-1101,9,4,11/03/2026 15:08,9000,2547.5
1819,Ord-1102,9,2,11/03/2026 18:38,9000,2547.5
1820,Ord-1102,8,2,11/03/2026 18:38,6000,1698.34
1821,Ord-1103,3,1,12/03/2026 16:45,10000,2821.28
1822,Ord-1104,9,1,12/03/2026 16:48,9000,2547.5
1823,Ord-1104,11,1,12/03/2026 16:48,9000,2821.28
1824,Ord-1104,5,1,12/03/2026 16:49,6000,1772.18
1825,Ord-1104,8,1,12/03/2026 16:49,6000,1698.34
1826,Ord-1105,6,2,12/03/2026 16:50,8000,2547.5
1827,Ord-1106,5,1,12/03/2026 16:52,6000,1772.18
1828,Ord-1107,14,1,13/03/2026 13:39,5000,1111.85
1829,Ord-1107,17,1,11/03/2026 13:39,5000,1127.11
1830,Ord-1108,6,1,13/03/2026 14:08,8000,2547.5
1831,Ord-1109,5,1,13/03/2026 14:09,6000,1772.18
1832,Ord-1110,9,1,13/03/2026 21:43,9000,2547.5
1833,Ord-1110,12,1,13/03/2026 21:44,9000,2689.26
1834,Ord-1111,1,1,13/03/2026 21:46,10000,2547.5
1835,Ord-1111,4,1,13/03/2026 21:46,10000,2235.96
1836,Ord-1112,1,1,13/03/2026 21:54,10000,2547.5
1838,Ord-1113,9,2,13/03/2026 21:56,9000,2547.5
1839,Ord-1114,9,2,13/03/2026 21:58,9000,2547.5
1840,Ord-1115,6,1,13/03/2026 22:00,8000,2547.5
1841,Ord-1116,4,1,13/03/2026 22:02,10000,2235.96
1842,Ord-1117,7,1,13/03/2026 22:04,6000,1698.34
1843,Ord-1118,9,2,13/03/2026 22:09,9000,2547.5
1844,Ord-1119,1,1,13/03/2026 22:12,10000,2547.5
1845,Ord-1120,2,1,13/03/2026 22:20,10000,2689.26
1846,Ord-1121,6,1,13/03/2026 22:21,8000,2547.5
1847,Ord-1122,2,1,13/03/2026 22:22,10000,2689.26
1848,Ord-1123,9,1,13/03/2026 22:25,9000,2547.5
1849,Ord-1123,12,1,13/03/2026 22:26,9000,2689.26
1850,Ord-1124,7,1,13/03/2026 22:27,6000,1698.34
1851,Ord-1124,5,2,13/03/2026 22:27,6000,1772.18
1852,Ord-1125,6,2,13/03/2026 22:29,8000,2547.5
1853,Ord-1126,5,2,13/03/2026 22:30,6000,1772.18
1854,Ord-1126,9,1,13/03/2026 22:30,9000,2547.5
1855,Ord-1126,12,1,13/03/2026 22:31,9000,2689.26
1856,Ord-1127,13,20,13/03/2026 22:35,10000,2532.07
1857,Ord-1128,6,1,14/03/2026 11:33,8000,2547.5
1858,Ord-1129,14,1,14/03/2026 11:33,5000,1111.85
1859,Ord-1129,5,1,14/03/2026 11:34,6000,1772.18
1860,Ord-1130,6,1,14/03/2026 11:39,8000,2547.5
1861,Ord-1131,9,2,14/03/2026 20:27,9000,2547.5
1862,Ord-1132,14,1,14/03/2026 20:29,5000,1111.85
1863,Ord-1133,6,1,14/03/2026 20:31,8000,2547.5
1864,Ord-1134,11,1,14/03/2026 20:33,9000,2821.28
1865,Ord-1134,12,1,14/03/2026 20:33,9000,2689.26
1866,Ord-1135,9,1,14/03/2026 20:35,9000,2547.5
1867,Ord-1135,12,1,14/03/2026 20:35,9000,2689.26
1868,Ord-1135,4,1,14/03/2026 20:36,10000,2235.96
1869,Ord-1136,6,3,14/03/2026 20:48,8000,2547.5
1870,Ord-1137,6,1,14/03/2026 20:49,8000,2547.5
1871,Ord-1138,2,1,15/03/2026 19:37,10000,2689.26
1872,Ord-1139,14,1,15/03/2026 19:41,5000,1111.85
1873,Ord-1139,15,1,15/03/2026 19:41,5000,1176.12
1874,Ord-1140,1,1,15/03/2026 19:45,10000,2547.5
1875,Ord-1141,6,1,15/03/2026 19:46,8000,2547.5
1876,Ord-1142,6,2,15/03/2026 19:51,8000,2547.5
1877,Ord-1143,3,1,15/03/2026 19:56,10000,2821.28
1878,Ord-1144,1,1,15/03/2026 19:57,10000,2547.5
1879,Ord-1145,9,1,15/03/2026 19:59,9000,2547.5
1880,Ord-1145,11,1,15/03/2026 19:59,9000,2821.28
1881,Ord-1146,14,1,15/03/2026 20:02,5000,1111.85
1882,Ord-1147,6,1,15/03/2026 22:24,8000,2547.5
1883,Ord-1148,1,1,16/03/2026 18:04,10000,2547.5
1884,Ord-1148,3,1,16/03/2026 10:16,10000,2821.28
1885,Ord-1148,7,1,16/03/2026 10:16,6000,1698.34
1886,Ord-1148,5,2,16/03/2026 10:16,6000,1772.18
1887,Ord-1149,1,1,16/03/2026 10:19,10000,2547.5
1888,Ord-1150,6,1,16/03/2026 10:21,8000,2547.5
1889,Ord-1151,9,2,17/03/2026 18:13,9000,2547.5
1890,Ord-1152,1,1,16/03/2026 17:20,10000,2547.5
1891,Ord-1153,9,1,17/03/2026 18:17,9000,2547.5
1892,Ord-1153,10,1,17/03/2026 18:17,9000,2235.96
1893,Ord-1154,9,4,17/03/2026 21:00,9000,2547.5
1894,Ord-1154,12,2,17/03/2026 21:00,9000,2689.26
1895,Ord-1155,9,1,18/03/2026 18:33,9000,2547.5
1896,Ord-1155,12,1,18/03/2026 18:33,9000,2689.26
1897,Ord-1156,9,1,18/03/2026 18:41,9000,2547.5
1898,Ord-1156,12,1,18/03/2026 18:41,9000,2689.26
1899,Ord-1157,9,1,18/03/2026 18:47,9000,2547.5
1900,Ord-1157,10,1,18/03/2026 18:47,9000,2235.96
1901,Ord-1157,8,3,18/03/2026 18:47,6000,1698.34
1902,Ord-1158,9,2,18/03/2026 18:49,9000,2547.5
1903,Ord-1159,9,2,18/03/2026 19:31,9000,2547.5
1904,Ord-1159,12,2,18/03/2026 19:31,9000,2689.26
1905,Ord-1160,15,1,18/03/2026 19:41,5000,1176.12
1906,Ord-1160,16,1,18/03/2026 19:41,5000,1257.66
1907,Ord-1160,17,1,18/03/2026 19:41,5000,1127.11
1908,Ord-1161,9,2,19/03/2026 18:29,9000,2547.5
1909,Ord-1161,10,2,19/03/2026 18:29,9000,2235.96
1910,Ord-1162,5,1,19/03/2026 18:30,6000,1772.18
1911,Ord-1163,1,1,19/03/2026 18:32,10000,2547.5
1912,Ord-1164,1,1,19/03/2026 18:32,10000,2547.5
1913,Ord-1165,1,6,19/03/2026 19:49,10000,2547.5
1914,Ord-1165,2,1,19/03/2026 19:49,10000,2689.26
1915,Ord-1165,3,1,19/03/2026 19:49,10000,2821.28
1916,Ord-1165,4,1,19/03/2026 19:49,10000,2235.96
1917,Ord-1165,5,6,19/03/2026 19:49,6000,1772.18
1918,Ord-1165,6,5,19/03/2026 19:49,8000,2547.5
1919,Ord-1165,8,6,19/03/2026 19:49,6000,1698.34
1920,Ord-1165,7,6,19/03/2026 19:50,6000,1698.34
1921,Ord-1166,6,1,19/03/2026 21:50,8000,2547.5
1922,Ord-1167,9,1,19/03/2026 21:52,9000,2547.5
1923,Ord-1167,11,1,19/03/2026 21:52,9000,2821.28
1924,Ord-1168,9,2,20/03/2026 11:52,9000,2547.5
1925,Ord-1169,9,2,20/03/2026 11:54,9000,2547.5
1926,Ord-1170,3,1,21/03/2026 12:33,10000,2821.28
1927,Ord-1170,6,1,21/03/2026 12:33,8000,2547.5
1928,Ord-1171,1,2,21/03/2026 12:36,10000,2547.5
1929,Ord-1172,9,1,21/03/2026 13:11,9000,2547.5
1930,Ord-1172,10,1,21/03/2026 13:12,9000,2235.96
1931,Ord-1173,2,1,21/03/2026 20:54,10000,2689.26
1932,Ord-1174,9,1,21/03/2026 20:55,9000,2547.5
1933,Ord-1174,11,1,21/03/2026 20:55,9000,2821.28
1934,Ord-1174,5,1,22/03/2026 11:27,6000,1772.18
1935,Ord-1175,5,2,22/03/2026 11:30,6000,1772.18
1936,Ord-1175,2,1,22/03/2026 11:30,10000,2689.26
1937,Ord-1176,13,20,22/03/2026 11:32,10000,2547.5
1938,Ord-1177,13,20,22/03/2026 11:34,10000,2547.5
1939,Ord-1178,14,2,22/03/2026 11:38,5000,1111.85
1940,Ord-1178,15,2,22/03/2026 11:38,5000,1176.12
1941,Ord-1178,16,2,22/03/2026 11:38,5000,1257.66
1942,Ord-1178,17,2,22/03/2026 11:38,5000,1127.11
1943,Ord-1179,1,1,22/03/2026 20:01,10000,2547.5
1944,Ord-1180,9,1,22/03/2026 20:03,9000,2547.5
1945,Ord-1180,11,1,22/03/2026 20:03,9000,2821.28
1946,Ord-1181,1,3,22/03/2026 20:08,10000,2547.5
1947,Ord-1181,8,1,22/03/2026 20:08,6000,1698.34
1948,Ord-1182,1,1,22/03/2026 20:11,10000,2547.5
1949,Ord-1183,9,1,22/03/2026 21:26,9000,2547.5
1950,Ord-1183,11,1,22/03/2026 21:26,9000,2821.28
1951,Ord-1184,9,2,24/03/2026 11:48,9000,2547.5
1952,Ord-1184,2,1,24/03/2026 11:49,10000,2689.26
1953,Ord-1185,9,2,23/03/2026 11:51,9000,2547.5
1954,Ord-1186,9,2,24/03/2026 11:53,9000,2547.5
1955,Ord-1186,12,1,24/03/2026 11:53,9000,2689.26
1956,Ord-1186,10,1,24/03/2026 11:53,9000,2235.96
1957,Ord-1187,1,4,24/03/2026 11:54,10000,2547.5
1958,Ord-1188,1,1,24/03/2026 11:56,10000,2547.5
1959,Ord-1189,9,2,24/03/2026 11:58,9000,2547.5
1960,Ord-1189,2,1,24/03/2026 11:58,10000,2689.26
1961,Ord-1190,9,6,24/03/2026 11:59,9000,2547.5
1962,Ord-1191,1,1,24/03/2026 12:00,10000,2547.5
1963,Ord-1192,9,1,24/03/2026 23:57,9000,2547.5
1964,Ord-1192,11,1,24/03/2026 23:57,9000,2821.28
1965,Ord-1193,9,1,25/03/2026 20:56,9000,2567.96
1966,Ord-1193,10,1,25/03/2026 20:57,9000,2316.53
1967,Ord-1193,2,1,25/03/2026 20:57,10000,2709.5
1968,Ord-1194,1,1,26/03/2026 16:34,10000,2567.96
1969,Ord-1194,3,1,26/03/2026 16:34,10000,2938.33
1970,Ord-1194,6,1,26/03/2026 16:34,8000,2567.96
1971,Ord-1195,3,1,26/03/2026 16:45,10000,2938.33
1972,Ord-1196,1,1,27/03/2026 10:37,10000,2567.96
1973,Ord-1196,9,2,27/03/2026 10:37,9000,2567.96
1974,Ord-1197,9,2,27/03/2026 16:45,9000,2567.96
1975,Ord-1197,1,1,27/03/2026 16:45,10000,2567.96
1976,Ord-1197,8,1,27/03/2026 16:45,6000,1711.97
1977,Ord-1198,1,1,27/03/2026 16:50,10000,2567.96
1978,Ord-1199,9,1,27/03/2026 16:57,9000,2567.96
1979,Ord-1199,10,1,27/03/2026 16:57,9000,2316.53
1980,Ord-1200,5,1,28/03/2026 17:31,6000,1786.41
1981,Ord-1201,9,2,28/03/2026 17:33,9000,2567.96
1982,Ord-1202,5,4,28/03/2026 17:37,6000,1786.41
1983,Ord-1202,7,4,28/03/2026 17:38,6000,1711.97
1984,Ord-1203,8,2,28/03/2026 17:39,6000,1711.97
1985,Ord-1204,1,1,28/03/2026 17:46,10000,2567.96
1986,Ord-1205,9,2,28/03/2026 17:48,9000,2567.96
1987,Ord-1206,9,1,28/03/2026 18:10,9000,2567.96
1988,Ord-1206,11,1,28/03/2026 18:10,9000,2938.33
1989,Ord-1207,9,1,28/03/2026 18:11,9000,2567.96
1990,Ord-1207,11,1,28/03/2026 18:11,9000,2938.33
1991,Ord-1208,1,2,28/03/2026 18:21,10000,2567.96
1992,Ord-1208,14,5,28/03/2026 18:21,5000,1111.85
1993,Ord-1208,15,2,28/03/2026 18:21,5000,1176.12
1994,Ord-1208,16,2,28/03/2026 18:22,5000,1257.66
1995,Ord-1208,17,2,28/03/2026 18:22,5000,1127.11
1996,Ord-1208,6,3,28/03/2026 18:22,8000,2567.96
1997,Ord-1208,7,2,28/03/2026 18:22,6000,1711.97
1998,Ord-1208,5,2,28/03/2026 18:22,6000,1786.41
1999,Ord-1208,8,2,28/03/2026 18:22,6000,1711.97
2000,Ord-1209,1,10,28/03/2026 18:35,10000,2567.96
2001,Ord-1209,4,6,28/03/2026 18:36,10000,2316.53
2002,Ord-1209,14,8,28/03/2026 18:36,5000,1111.85
2003,Ord-1209,16,3,28/03/2026 18:36,5000,1257.66
2004,Ord-1210,1,1,28/03/2026 18:56,10000,2567.96
2005,Ord-1211,9,2,28/03/2026 19:00,9000,2567.96
2006,Ord-1212,9,1,29/03/2026 11:10,9000,2567.96
2007,Ord-1212,12,1,29/03/2026 11:11,9000,2709.5
2008,Ord-1213,8,2,29/03/2026 11:12,6000,1711.97
2009,Ord-1214,1,1,29/03/2026 11:14,10000,2567.96
2010,Ord-1215,9,1,30/03/2026 18:58,9000,2567.96
2011,Ord-1215,10,1,30/03/2026 18:58,9000,2316.53
2012,Ord-1215,8,1,30/03/2026 18:58,6000,1711.97
2013,Ord-1216,5,1,30/03/2026 18:59,6000,1786.41
2014,Ord-1217,8,3,30/03/2026 18:59,6000,1711.97
2015,Ord-1218,9,2,30/03/2026 18:59,9000,2567.96
2016,Ord-1218,10,1,30/03/2026 18:59,9000,2316.53
2017,Ord-1218,11,1,30/03/2026 18:59,9000,2938.33
2018,Ord-1219,9,2,30/03/2026 18:59,9000,2567.96
2019,Ord-1219,10,1,30/03/2026 18:59,9000,2316.53
2020,Ord-1219,11,1,30/03/2026 18:59,9000,2938.33
2021,Ord-1220,8,2,30/03/2026 18:59,6000,1711.97
2022,Ord-1221,1,10,01/04/2026 19:57,10000,2567.96
2023,Ord-1222,14,1,01/04/2026 19:58,5000,1111.85
2024,Ord-1222,8,1,01/04/2026 19:59,6000,1711.97
2025,Ord-1223,2,1,01/04/2026 20:00,10000,2709.5
2026,Ord-1224,6,4,01/04/2026 20:07,8000,2567.96
2027,Ord-1225,9,2,01/04/2026 20:21,9000,2567.96
2028,Ord-1225,5,1,01/04/2026 20:21,6000,1786.41
2029,Ord-1225,8,1,01/04/2026 20:21,6000,1711.97
2030,Ord-1226,8,1,02/04/2026 21:17,6000,1711.97
2031,Ord-1227,8,1,02/04/2026 21:19,6000,1711.97
2032,Ord-1228,9,1,02/04/2026 21:20,9000,2567.96
2033,Ord-1228,10,1,02/04/2026 21:20,9000,2316.53
2034,Ord-1229,9,2,02/04/2026 21:25,9000,2567.96
2035,Ord-1230,9,4,02/04/2026 21:28,9000,2567.96
2036,Ord-1231,1,1,02/04/2026 10:55,10000,2567.96
2037,Ord-1232,10,1,02/04/2026 21:39,9000,2316.53
2038,Ord-1232,12,1,02/04/2026 21:39,9000,2709.5
2039,Ord-1232,1,1,02/04/2026 21:39,10000,2567.96
2040,Ord-1233,6,1,02/04/2026 21:41,8000,2567.96
2041,Ord-1234,14,1,02/04/2026 23:54,5000,1111.85
2042,Ord-1234,6,2,02/04/2026 23:54,8000,2567.96
2043,Ord-1235,9,2,04/04/2026 17:55,9000,2567.96
2044,Ord-1235,7,1,04/04/2026 17:55,6000,1711.97
2045,Ord-1235,5,1,04/04/2026 17:55,6000,1786.41
2046,Ord-1236,9,2,04/04/2026 17:57,9000,2567.96
2047,Ord-1237,9,2,03/04/2026 16:55,9000,2567.96
2048,Ord-1238,1,1,04/04/2026 18:02,10000,2567.96
2049,Ord-1239,1,1,03/04/2026 18:53,10000,2567.96
2050,Ord-1239,15,1,04/04/2026 18:05,5000,1176.12
2051,Ord-1240,1,1,04/04/2026 18:07,10000,2567.96
2052,Ord-1241,9,4,04/04/2026 18:14,9000,2567.96
2053,Ord-1241,1,1,04/04/2026 18:14,10000,2567.96
2054,Ord-1242,1,1,04/04/2026 18:17,10000,2567.96
2055,Ord-1243,1,1,04/04/2026 18:22,10000,2567.96
2056,Ord-1243,5,1,04/04/2026 18:22,6000,1786.41
2057,Ord-1244,11,2,04/04/2026 18:28,9000,2938.33
2058,Ord-1244,4,1,04/04/2026 18:28,10000,2316.53
2059,Ord-1245,9,1,04/04/2026 18:29,9000,2567.96
2060,Ord-1245,11,1,04/04/2026 18:29,9000,2938.33
2061,Ord-1246,9,2,05/04/2026 18:38,9000,2567.96
2062,Ord-1247,1,1,05/04/2026 20:19,10000,2567.96
2063,Ord-1248,14,1,07/04/2026 18:30,5000,1111.85
2064,Ord-1248,17,1,07/04/2026 18:31,5000,1127.11
2065,Ord-1249,14,1,07/04/2026 18:33,5000,1111.85
2066,Ord-1249,17,1,07/04/2026 18:33,5000,1127.11
2067,Ord-1250,9,2,08/04/2026 11:54,10000,2607.97
2068,Ord-1251,9,1,08/04/2026 11:56,10000,2607.97
2069,Ord-1251,11,1,08/04/2026 11:56,10000,2972.47
2070,Ord-1252,9,2,08/04/2026 11:58,10000,2607.97
2071,Ord-1253,12,1,08/04/2026 11:59,10000,2768.62
2072,Ord-1253,11,1,08/04/2026 11:59,10000,2972.47
2073,Ord-1254,9,1,08/04/2026 12:02,10000,2607.97
2074,Ord-1254,10,1,08/04/2026 12:02,10000,2352.09
2075,Ord-1255,9,2,08/04/2026 12:03,10000,2607.97
2076,Ord-1256,16,1,08/04/2026 20:46,6000,1257.66
2077,Ord-1257,9,2,09/04/2026 00:25,10000,2607.97
2078,Ord-1257,10,1,09/04/2026 00:26,10000,2352.09
2079,Ord-1257,12,1,09/04/2026 00:26,10000,2768.62
2080,Ord-1257,8,2,09/04/2026 00:26,7000,1738.64
2081,Ord-1258,9,3,09/04/2026 16:36,10000,2607.97
2082,Ord-1258,11,1,09/04/2026 16:36,10000,2972.47
2083,Ord-1258,5,1,09/04/2026 16:36,7000,1814.24
2084,Ord-1259,9,3,09/04/2026 16:38,10000,2607.97
2085,Ord-1260,1,1,09/04/2026 21:18,12000,2607.97
2086,Ord-1261,1,1,09/04/2026 21:19,12000,2607.97
2087,Ord-1262,9,1,09/04/2026 21:21,10000,2607.97
2088,Ord-1262,12,1,09/04/2026 21:21,10000,2768.62
2089,Ord-1263,9,1,09/04/2026 21:22,10000,2607.97
2090,Ord-1264,9,1,10/04/2026 11:20,10000,2607.97
2091,Ord-1264,10,1,10/04/2026 11:20,10000,2352.09
2092,Ord-1265,3,1,10/04/2026 13:42,12000,2972.47
2093,Ord-1266,9,2,10/04/2026 13:42,10000,2607.97
2094,Ord-1267,9,2,10/04/2026 13:44,10000,2607.97
2095,Ord-1268,9,2,10/04/2026 13:46,10000,2607.97
2096,Ord-1268,5,1,10/04/2026 13:46,7000,1814.24
2097,Ord-1268,8,1,10/04/2026 13:46,7000,1738.64
2098,Ord-1269,1,1,10/04/2026 13:49,12000,2607.97
2099,Ord-1269,7,1,10/04/2026 13:49,7000,1738.64
2100,Ord-1270,3,1,10/04/2026 13:57,12000,2972.47
2101,Ord-1270,7,1,10/04/2026 13:57,7000,1738.64
2102,Ord-1271,9,1,10/04/2026 13:58,10000,2607.97
2103,Ord-1271,10,1,10/04/2026 13:58,10000,2352.09
2104,Ord-1272,9,1,10/04/2026 14:00,10000,2607.97
2105,Ord-1272,9,1,10/04/2026 14:00,10000,2607.97
2106,Ord-1273,1,1,10/04/2026 14:04,12000,2607.97
2107,Ord-1274,9,1,10/04/2026 14:05,10000,2607.97
2108,Ord-1274,12,1,10/04/2026 14:05,10000,2768.62
2109,Ord-1275,1,1,10/04/2026 14:06,12000,2607.97
2110,Ord-1276,9,2,10/04/2026 14:08,10000,2607.97
2111,Ord-1277,9,2,10/04/2026 14:08,10000,2607.97
2112,Ord-1278,1,1,10/04/2026 14:09,12000,2607.97
2113,Ord-1279,4,1,10/04/2026 14:12,12000,2352.09
2114,Ord-1280,6,1,10/04/2026 14:24,9000,2607.97
2115,Ord-1280,2,1,10/04/2026 14:24,12000,2768.62
2116,Ord-1281,9,2,11/04/2026 21:37,10000,2607.97
2117,Ord-1281,5,1,11/04/2026 21:37,7000,1814.24
2118,Ord-1282,14,1,11/04/2026 21:39,6000,1111.85
2119,Ord-1283,9,2,11/04/2026 21:41,10000,2607.97
2120,Ord-1284,9,1,11/04/2026 21:44,10000,2607.97
2121,Ord-1284,12,1,11/04/2026 21:44,10000,2768.62
2122,Ord-1285,9,3,11/04/2026 21:47,10000,2607.97
2123,Ord-1286,8,4,11/04/2026 21:49,7000,1738.64
2124,Ord-1287,9,4,11/04/2026 21:51,10000,2607.97
2125,Ord-1288,9,2,11/04/2026 21:52,10000,2607.97
2126,Ord-1289,9,2,12/04/2026 20:33,10000,2607.97
2127,Ord-1289,11,1,12/04/2026 20:33,10000,2972.47
2128,Ord-1289,12,1,12/04/2026 20:33,10000,2768.62
2129,Ord-1290,1,1,12/04/2026 20:55,12000,2607.97
2130,Ord-1291,4,1,12/04/2026 20:56,12000,2352.09
2131,Ord-1292,4,1,12/04/2026 21:00,12000,2352.09
2132,Ord-1293,9,2,12/04/2026 21:02,10000,2607.97
2133,Ord-1293,5,1,12/04/2026 21:03,7000,1814.24
2134,Ord-1294,1,1,12/04/2026 21:05,12000,2607.97
2135,Ord-1295,1,1,13/04/2026 10:00,12000,2607.97
2136,Ord-1296,9,3,13/04/2026 20:38,10000,2607.97
2137,Ord-1297,8,2,13/04/2026 20:49,7000,1738.64
2138,Ord-1297,7,2,13/04/2026 20:51,7000,1738.64
2139,Ord-1297,11,2,13/04/2026 20:51,10000,2972.47
2140,Ord-1297,12,1,13/04/2026 20:51,10000,2768.62
2141,Ord-1297,10,1,13/04/2026 20:52,10000,2352.09
2142,Ord-1297,9,2,13/04/2026 20:52,10000,2607.97
2143,Ord-1298,9,1,13/04/2026 20:55,10000,2607.97
2144,Ord-1298,10,1,13/04/2026 20:56,10000,2352.09
2145,Ord-1299,10,1,13/04/2026 20:58,10000,2352.09
2146,Ord-1299,11,1,13/04/2026 20:58,10000,2972.47
2147,Ord-1300,9,2,13/04/2026 21:00,10000,2607.97
2148,Ord-1300,7,2,13/04/2026 21:00,7000,1738.64
2149,Ord-1301,9,2,13/04/2026 21:04,10000,2607.97
2150,Ord-1301,8,1,13/04/2026 21:04,7000,1738.64
2151,Ord-1301,5,1,13/04/2026 21:04,7000,1814.24
2152,Ord-1302,5,2,14/04/2026 20:32,7000,1814.24
2153,Ord-1303,9,2,14/04/2026 20:36,10000,2607.97
2154,Ord-1304,5,1,15/04/2026 11:19,7000,1814.24
2155,Ord-1304,8,1,15/04/2026 11:19,7000,1738.64
2156,Ord-1305,5,1,15/04/2026 11:21,7000,1814.24
2157,Ord-1306,1,1,15/04/2026 13:38,12000,2607.97
2158,Ord-1307,9,2,16/04/2026 10:18,10000,2607.97
2159,Ord-1307,10,1,16/04/2026 10:18,10000,2352.09
2160,Ord-1307,11,1,16/04/2026 10:18,10000,2972.47
2161,Ord-1307,6,1,16/04/2026 10:19,9000,2607.97
2162,Ord-1307,7,1,16/04/2026 10:19,7000,1738.64
2163,Ord-1307,8,1,16/04/2026 10:19,7000,1738.64
2164,Ord-1307,5,1,16/04/2026 10:19,7000,1814.24
2165,Ord-1308,9,2,16/04/2026 20:14,10000,2607.97
2166,Ord-1309,9,1,16/04/2026 20:16,10000,2607.97
2167,Ord-1309,10,1,16/04/2026 20:16,10000,2352.09
2168,Ord-1309,5,1,16/04/2026 20:17,7000,1814.24
2169,Ord-1310,4,1,16/04/2026 20:18,12000,2352.09
2170,Ord-1311,9,2,16/04/2026 20:19,10000,2607.97
2171,Ord-1312,9,1,16/04/2026 20:20,10000,2607.97
2172,Ord-1312,10,1,16/04/2026 20:20,10000,2352.09
2173,Ord-1312,11,1,16/04/2026 20:20,10000,2972.47
2174,Ord-1312,12,1,16/04/2026 20:21,10000,2768.62
2175,Ord-1313,14,10,18/04/2026 20:44,12000,1111.85
2176,Ord-1313,8,6,18/04/2026 20:45,12000,1738.64
2177,Ord-1314,9,3,18/04/2026 17:53,10000,2607.97
2178,Ord-1315,8,1,18/04/2026 19:31,7000,1738.64
2179,Ord-1316,9,3,18/04/2026 19:33,10000,2607.97
2180,Ord-1317,1,1,18/04/2026 19:35,12000,2607.97
2181,Ord-1318,17,1,18/04/2026 19:38,6000,1127.11
2182,Ord-1319,9,2,18/04/2026 19:40,10000,2607.97
2183,Ord-1320,6,1,18/04/2026 19:46,9000,2607.97
2184,Ord-1321,9,1,18/04/2026 19:47,10000,2607.97
2185,Ord-1321,11,1,18/04/2026 19:47,10000,2972.47
2186,Ord-1322,9,3,18/04/2026 20:59,10000,2607.97
2187,Ord-1323,8,4,18/04/2026 21:03,7000,1738.64
2188,Ord-1324,9,2,18/04/2026 22:00,10000,2607.97
2189,Ord-1325,9,3,18/04/2026 22:01,10000,2607.97
2190,Ord-1326,9,2,18/04/2026 22:02,10000,2607.97
2191,Ord-1327,9,3,18/04/2026 22:03,10000,2607.97
2192,Ord-1328,9,2,18/04/2026 22:05,10000,2607.97
2193,Ord-1328,5,1,18/04/2026 22:05,7000,1814.24
2194,Ord-1329,9,2,18/04/2026 22:08,10000,2607.97
2195,Ord-1330,10,1,18/04/2026 22:09,10000,2352.09
2196,Ord-1330,11,1,18/04/2026 22:09,10000,2972.47
2197,Ord-1331,14,1,19/04/2026 21:31,6000,1111.85
2198,Ord-1331,15,1,19/04/2026 21:31,6000,1176.12
2199,Ord-1331,16,1,19/04/2026 21:31,6000,1257.66
2200,Ord-1332,1,1,19/04/2026 21:33,12000,2607.97
2201,Ord-1333,1,1,19/04/2026 21:34,12000,2607.97
2202,Ord-1334,1,1,19/04/2026 21:35,12000,2607.97
2203,Ord-1335,14,1,19/04/2026 21:36,6000,1111.85
2204,Ord-1335,16,1,19/04/2026 21:36,6000,1257.66
2205,Ord-1336,5,2,19/04/2026 21:37,7000,1814.24
2206,Ord-1337,9,1,19/04/2026 21:49,10000,2607.97
2207,Ord-1337,12,1,19/04/2026 21:49,10000,2768.62
2208,Ord-1338,9,1,20/04/2026 13:01,10000,2607.97
2209,Ord-1338,11,1,20/04/2026 13:01,10000,2972.47
2210,Ord-1339,9,3,20/04/2026 18:06,10000,2607.97
2211,Ord-1339,8,2,20/04/2026 18:06,7000,1738.64
2212,Ord-1340,9,4,21/04/2026 01:18,10000,2607.97
2213,Ord-1340,12,2,21/04/2026 01:18,10000,2768.62
2214,Ord-1341,1,1,21/04/2026 01:20,12000,2607.97
2215,Ord-1342,9,6,21/04/2026 11:35,10000,2607.97
2216,Ord-1343,4,1,21/04/2026 11:58,12000,2352.09
2217,Ord-1344,9,2,21/04/2026 17:02,10000,2607.97
2218,Ord-1345,9,2,21/04/2026 17:04,10000,2607.97
2219,Ord-1346,14,1,21/04/2026 17:05,6000,1111.85
2220,Ord-1346,5,1,21/04/2026 17:05,7000,1814.24
2221,Ord-1347,9,2,21/04/2026 18:09,10000,2607.97
2222,Ord-1348,4,1,21/04/2026 19:59,12000,2352.09
2223,Ord-1349,9,1,21/04/2026 20:01,10000,2607.97
2224,Ord-1349,12,1,21/04/2026 20:01,10000,2768.62
2225,Ord-1350,9,1,21/04/2026 20:02,10000,2607.97
2226,Ord-1350,11,1,21/04/2026 20:02,10000,2972.47
2227,Ord-1351,1,1,21/04/2026 20:04,12000,2607.97
2228,Ord-1352,9,2,22/04/2026 17:00,10000,2607.97
2229,Ord-1352,12,1,22/04/2026 17:00,10000,2768.62
2230,Ord-1353,1,1,22/04/2026 17:03,12000,2607.97
2231,Ord-1354,9,2,22/04/2026 17:04,10000,2607.97
2232,Ord-1355,1,1,23/04/2026 17:27,12000,2652.18
2233,Ord-1356,9,3,23/04/2026 17:29,10000,2652.18
2234,Ord-1356,11,1,23/04/2026 17:29,10000,2997.45
2235,Ord-1357,9,1,23/04/2026 17:31,10000,2652.18
2236,Ord-1357,11,1,23/04/2026 17:32,10000,2997.45
2237,Ord-1358,9,1,24/04/2026 12:02,10000,2652.18
2238,Ord-1358,10,1,24/04/2026 12:02,10000,2371.74
2239,Ord-1358,11,1,24/04/2026 12:02,10000,2997.45
2240,Ord-1359,9,2,24/04/2026 20:03,10000,2652.18
2241,Ord-1360,9,1,24/04/2026 20:14,10000,2652.18
2242,Ord-1360,12,1,24/04/2026 20:15,10000,2790.73
2243,Ord-1361,9,4,24/04/2026 20:17,10000,2652.18
2244,Ord-1362,9,1,24/04/2026 20:19,10000,2652.18
2245,Ord-1363,9,1,24/04/2026 20:20,10000,2652.18
2246,Ord-1364,9,2,24/04/2026 20:21,10000,2652.18
2247,Ord-1365,5,1,24/04/2026 20:23,7000,1844.99
2248,Ord-1366,5,1,24/04/2026 20:43,7000,1844.99
2249,Ord-1367,1,1,26/04/2026 11:25,12000,2652.18
2250,Ord-1368,9,1,26/04/2026 11:27,10000,2652.18
2251,Ord-1368,11,1,26/04/2026 11:28,10000,2997.45
2252,Ord-1369,9,4,26/04/2026 11:32,10000,2652.18
2253,Ord-1369,8,3,26/04/2026 11:32,7000,1768.12
2254,Ord-1370,9,2,26/04/2026 11:37,10000,2652.18
2255,Ord-1371,9,1,26/04/2026 11:46,10000,2652.18
2256,Ord-1371,11,1,26/04/2026 11:46,10000,2997.45
2257,Ord-1371,10,1,26/04/2026 11:46,10000,2371.74
2258,Ord-1371,6,1,26/04/2026 11:46,9000,2652.18
2259,Ord-1371,7,1,26/04/2026 11:47,7000,1768.12
2260,Ord-1371,5,1,26/04/2026 11:47,7000,1844.99
2261,Ord-1371,8,1,26/04/2026 11:47,7000,1768.12
2262,Ord-1372,9,2,26/04/2026 11:49,10000,2652.18
2263,Ord-1373,15,1,26/04/2026 12:14,6000,1184.96
2264,Ord-1374,1,1,27/04/2026 16:56,12000,2652.18
2265,Ord-1375,1,1,27/04/2026 17:09,12000,2652.18
2266,Ord-1376,9,2,28/04/2026 15:09,10000,2658.18
2267,Ord-1377,1,1,28/04/2026 15:18,12000,2658.18
2268,Ord-1378,9,4,28/04/2026 15:21,10000,2658.18
2269,Ord-1379,1,1,28/04/2026 15:22,12000,2658.18
2270,Ord-1380,9,1,29/04/2026 16:05,10000,2658.18
2271,Ord-1380,10,1,29/04/2026 16:05,10000,2394.58
2272,Ord-1381,5,1,29/04/2026 22:50,7000,1849.17
2273,Ord-1382,9,1,29/04/2026 22:55,10000,2658.18
2274,Ord-1382,10,1,29/04/2026 22:55,10000,2394.58
2275,Ord-1382,11,1,29/04/2026 22:55,10000,3003.45
2276,Ord-1382,12,1,29/04/2026 22:55,10000,2796.73
2277,Ord-1383,9,2,29/04/2026 22:57,10000,2658.18
2278,Ord-1384,1,1,29/04/2026 19:05,12000,2658.18
2279,Ord-1385,9,2,30/04/2026 15:34,10000,2658.18
2280,Ord-1386,1,1,30/04/2026 15:39,12000,2658.18
2281,Ord-1386,5,1,30/04/2026 15:39,7000,1849.17
2282,Ord-1387,1,1,30/04/2026 15:42,12000,2658.18
2283,Ord-1388,4,1,30/04/2026 15:46,12000,2394.58
2284,Ord-1389,1,1,30/04/2026 15:47,12000,2658.18
2285,Ord-1390,1,1,30/04/2026 15:48,12000,2658.18
2286,Ord-1391,1,1,30/04/2026 15:49,12000,2658.18
2287,Ord-1392,9,2,30/04/2026 15:50,10000,2658.18
2288,Ord-1393,9,1,30/04/2026 15:53,10000,2658.18
2289,Ord-1393,11,1,30/04/2026 16:03,10000,3003.45
2290,Ord-1394,1,1,30/04/2026 20:11,12000,2658.18
2291,Ord-1395,9,2,30/04/2026 20:16,10000,2658.18
2292,Ord-1395,10,1,30/04/2026 20:17,10000,2394.58
2293,Ord-1396,9,1,30/04/2026 20:20,10000,2658.18
2294,Ord-1396,12,1,30/04/2026 20:20,10000,2796.73
2295,Ord-1396,6,1,30/04/2026 20:20,9000,2658.18
2296,Ord-1397,1,1,30/04/2026 20:23,12000,2658.18
2297,Ord-1398,9,2,30/04/2026 20:28,10000,2658.18
2298,Ord-1399,2,1,30/04/2026 20:34,12000,2796.73
2299,Ord-1400,3,1,30/04/2026 20:35,12000,3003.45
2300,Ord-1401,14,1,30/04/2026 20:36,6000,1131.94
2301,Ord-1401,15,1,30/04/2026 20:36,6000,1187.36
2302,Ord-1401,16,1,30/04/2026 20:37,6000,1270.05
2303,Ord-1401,17,1,30/04/2026 20:37,6000,1146.23
2304,Ord-1401,1,1,30/04/2026 20:37,12000,2658.18
2305,Ord-1401,8,1,30/04/2026 20:38,7000,1772.12
2306,Ord-1402,9,3,30/04/2026 11:10,10000,2658.18
2307,Ord-1402,11,1,30/04/2026 11:11,10000,3003.45
2308,Ord-1403,9,2,02/05/2026 11:12,10000,2658.18
2309,Ord-1404,9,2,02/05/2026 11:19,10000,2658.18
2310,Ord-1404,6,1,02/05/2026 11:19,9000,2658.18
2311,Ord-1405,9,1,02/05/2026 19:15,10000,2658.18
2312,Ord-1405,11,1,02/05/2026 19:15,10000,3003.45
2313,Ord-1406,1,1,02/05/2026 19:17,12000,2658.18
2314,Ord-1407,1,1,02/05/2026 19:18,12000,2658.18
2315,Ord-1408,9,3,02/05/2026 20:28,10000,2658.18
2316,Ord-1409,9,1,02/05/2026 20:30,10000,2658.18
2317,Ord-1409,10,1,02/05/2026 20:30,10000,2394.58
2318,Ord-1410,9,2,02/05/2026 20:40,10000,2658.18
2319,Ord-1410,7,1,02/05/2026 20:40,7000,1772.12
2320,Ord-1411,9,1,04/05/2026 10:36,10000,2658.18
2321,Ord-1411,10,1,04/05/2026 10:37,10000,2394.58
2322,Ord-1412,9,1,04/05/2026 10:39,10000,2658.18
2323,Ord-1412,11,1,04/05/2026 10:40,10000,3003.45
2324,Ord-1412,5,1,04/05/2026 10:40,7000,1849.17
2325,Ord-1413,1,1,04/05/2026 10:42,12000,2658.18
2326,Ord-1414,4,1,04/05/2026 10:43,12000,2394.58
2327,Ord-1415,1,1,04/05/2026 10:44,12000,2658.18
2328,Ord-1415,15,1,04/05/2026 10:45,6000,1187.36
2329,Ord-1416,11,1,04/05/2026 10:47,10000,3003.45
2330,Ord-1416,9,1,04/05/2026 10:47,10000,2658.18
2331,Ord-1417,1,1,04/05/2026 17:55,12000,2658.18
2332,Ord-1417,2,1,04/05/2026 17:55,12000,2796.73
2333,Ord-1418,14,1,04/05/2026 20:36,6000,1131.94
2334,Ord-1418,5,1,04/05/2026 20:36,7000,1849.17
2335,Ord-1419,1,1,04/05/2026 20:37,12000,2658.18
2336,Ord-1420,14,1,04/05/2026 23:18,6000,1131.94
2337,Ord-1420,15,1,04/05/2026 23:18,6000,1187.36
2338,Ord-1420,16,1,04/05/2026 23:19,6000,1270.05
2339,Ord-1420,4,1,04/05/2026 23:19,12000,2394.58
2340,Ord-1420,5,1,04/05/2026 23:19,7000,1849.17
2341,Ord-1421,1,1,04/05/2026 23:21,12000,2658.18
2342,Ord-1421,2,1,04/05/2026 23:22,12000,2796.73
2343,Ord-1422,5,2,05/05/2026 09:50,7000,1849.17
2344,Ord-1423,6,2,05/05/2026 16:23,9000,2658.18
2345,Ord-1423,2,2,05/05/2026 16:23,12000,2796.73
2346,Ord-1423,3,2,05/05/2026 16:24,12000,3003.45
2347,Ord-1424,1,2,05/05/2026 17:34,12000,2658.18
2348,Ord-1424,4,1,05/05/2026 17:34,12000,2394.58
2349,Ord-1424,5,1,05/05/2026 17:34,7000,1849.17
2350,Ord-1425,1,1,05/05/2026 17:38,12000,2658.18
2351,Ord-1426,1,2,05/05/2026 17:41,12000,2658.18
2352,Ord-1426,6,2,05/05/2026 17:41,9000,2658.18
2353,Ord-1427,1,3,05/05/2026 17:42,12000,2658.18
2354,Ord-1427,3,1,05/05/2026 17:43,12000,3003.45
2355,Ord-1428,1,1,05/05/2026 17:45,12000,2658.18
2356,Ord-1428,4,1,05/05/2026 17:45,12000,2394.58
2357,Ord-1429,1,1,06/05/2026 00:08,12000,2658.18
2358,Ord-1430,1,6,06/05/2026 00:09,12000,2658.18
2359,Ord-1430,4,4,06/05/2026 00:09,12000,2394.58
2360,Ord-1430,15,5,06/05/2026 00:09,6000,1187.36
2361,Ord-1430,16,6,06/05/2026 00:10,6000,1270.05
2362,Ord-1430,8,6,06/05/2026 00:10,7000,1772.12
2363,Ord-1430,5,6,06/05/2026 00:10,7000,1849.17
2364,Ord-1431,1,1,06/05/2026 00:13,12000,2658.18
2365,Ord-1431,3,2,06/05/2026 00:13,12000,3003.45
2366,Ord-1432,1,4,06/05/2026 00:14,12000,2658.18
2367,Ord-1432,3,1,06/05/2026 00:14,12000,3003.45
2368,Ord-1432,4,1,06/05/2026 00:15,12000,2394.58
2369,Ord-1432,5,2,06/05/2026 00:15,7000,1849.17
2370,Ord-1433,6,1,06/05/2026 00:17,9000,2658.18
2371,Ord-1433,8,1,06/05/2026 00:17,7000,1772.12
2372,Ord-1434,1,1,06/05/2026 00:18,12000,2658.18
2373,Ord-1434,15,1,06/05/2026 00:18,6000,1187.36
2374,Ord-1434,16,1,06/05/2026 00:19,6000,1270.05
2375,Ord-1434,17,1,06/05/2026 00:19,6000,1146.23
2376,Ord-1435,1,1,06/05/2026 00:21,12000,2658.18
2377,Ord-1435,4,1,06/05/2026 00:21,12000,2394.58
2378,Ord-1435,8,2,06/05/2026 00:21,7000,1772.12
2379,Ord-1435,5,2,06/05/2026 00:21,7000,1849.17
2380,Ord-1436,1,1,07/05/2026 19:34,12000,2658.18
2381,Ord-1436,15,1,07/05/2026 19:34,6000,1187.36
2382,Ord-1437,14,1,07/05/2026 19:35,6000,1131.94
2383,Ord-1437,15,1,07/05/2026 19:35,6000,1187.36
2384,Ord-1437,17,1,07/05/2026 19:35,6000,1146.23
2385,Ord-1438,6,1,07/05/2026 19:38,9000,2658.18
2386,Ord-1438,7,1,07/05/2026 19:38,7000,1772.12
2387,Ord-1439,1,1,07/05/2026 19:39,12000,2658.18
2388,Ord-1439,4,1,07/05/2026 19:39,12000,2394.58
2389,Ord-1440,1,1,07/05/2026 19:41,12000,2658.18
2390,Ord-1441,2,1,07/05/2026 19:43,12000,2796.73
2391,Ord-1441,17,1,07/05/2026 19:43,6000,1146.23
2392,Ord-1441,6,1,07/05/2026 19:43,9000,2658.18
2393,Ord-1442,5,2,07/05/2026 19:45,7000,1849.17
2394,Ord-1443,1,1,07/05/2026 19:46,12000,2658.18
2395,Ord-1444,1,1,07/05/2026 19:47,12000,2658.18
2396,Ord-1445,5,3,07/05/2026 22:47,7000,1849.17
2397,Ord-1445,1,1,07/05/2026 22:47,12000,2658.18
2398,Ord-1446,1,2,07/05/2026 22:48,12000,2658.18
2399,Ord-1447,1,1,08/05/2026 01:18,12000,2658.18
2400,Ord-1447,4,1,08/05/2026 01:19,12000,2394.58
2401,Ord-1448,1,1,08/05/2026 01:20,12000,2658.18
2402,Ord-1448,4,1,08/05/2026 01:21,12000,2394.58
2403,Ord-1449,3,1,08/05/2026 21:40,12000,3003.45
2404,Ord-1449,4,1,08/05/2026 21:41,12000,2394.58
2405,Ord-1450,14,1,08/05/2026 21:45,6000,1131.94
2406,Ord-1450,16,1,08/05/2026 21:46,6000,1270.05
2407,Ord-1451,1,1,08/05/2026 21:50,12000,2658.18
2408,Ord-1451,3,1,08/05/2026 21:50,12000,3003.45
2409,Ord-1451,8,1,08/05/2026 21:50,7000,1772.12
2410,Ord-1452,5,4,08/05/2026 21:52,7000,1849.17
2411,Ord-1452,7,4,08/05/2026 21:52,7000,1772.12
2412,Ord-1453,1,1,08/05/2026 21:54,12000,2658.18
2413,Ord-1453,4,1,08/05/2026 21:54,12000,2394.58
2414,Ord-1454,1,1,08/05/2026 22:08,12000,2658.18
2415,Ord-1455,1,1,08/05/2026 22:08,12000,2658.18
2416,Ord-1456,1,1,08/05/2026 22:10,12000,2658.18
2417,Ord-1457,1,1,08/05/2026 22:11,12000,2658.18
2418,Ord-1458,1,1,08/05/2026 22:12,12000,2658.18
2419,Ord-1458,3,1,08/05/2026 22:12,12000,3003.45
2420,Ord-1458,8,1,08/05/2026 22:12,7000,1772.12
2421,Ord-1459,1,2,08/05/2026 22:13,12000,2658.18
2422,Ord-1460,1,1,08/05/2026 22:16,12000,2658.18
2423,Ord-1460,3,1,08/05/2026 22:16,12000,3003.45
2424,Ord-1460,6,1,08/05/2026 22:17,9000,2658.18
2425,Ord-1461,1,1,08/05/2026 22:21,12000,2658.18
2426,Ord-1462,1,1,08/05/2026 22:23,12000,2658.18
2427,Ord-1463,1,1,08/05/2026 22:24,12000,2658.18
2428,Ord-1464,1,1,08/05/2026 22:27,12000,2658.18
2429,Ord-1464,4,1,08/05/2026 22:27,12000,2394.58
2430,Ord-1464,5,2,08/05/2026 22:27,7000,1849.17
2431,Ord-1465,2,1,08/05/2026 22:29,12000,2796.73
2432,Ord-1465,6,1,08/05/2026 22:29,9000,2658.18
2433,Ord-1466,1,5,08/05/2026 22:31,12000,2658.18
2434,Ord-1466,5,3,08/05/2026 22:31,7000,1849.17
2435,Ord-1467,1,2,08/05/2026 22:36,12000,2658.18
2436,Ord-1468,4,1,08/05/2026 22:50,12000,2394.58
2437,Ord-1469,4,1,08/05/2026 22:51,12000,2394.58
2438,Ord-1470,4,1,08/05/2026 22:52,12000,2394.58
2439,Ord-1471,1,2,08/05/2026 22:54,12000,2658.18
2440,Ord-1472,1,1,08/05/2026 22:54,12000,2658.18
2441,Ord-1473,8,4,08/05/2026 22:55,7000,1772.12
2442,Ord-1474,1,2,09/05/2026 12:28,12000,2658.18
2443,Ord-1474,3,1,09/05/2026 12:28,12000,3003.45
2444,Ord-1474,5,1,09/05/2026 12:28,7000,1849.17
2445,Ord-1474,8,1,09/05/2026 12:29,7000,1772.12
2446,Ord-1475,1,1,09/05/2026 12:30,12000,2658.18
2447,Ord-1476,14,6,09/05/2026 12:34,6000,1131.94
2448,Ord-1476,17,1,09/05/2026 12:34,6000,1146.23
2449,Ord-1476,16,1,09/05/2026 12:34,6000,1270.05
2450,Ord-1477,9,2,09/05/2026 12:35,10000,2658.18
2451,Ord-1478,9,2,09/05/2026 19:36,10000,2658.18
2452,Ord-1479,1,1,09/05/2026 19:40,12000,2658.18
2453,Ord-1480,1,1,09/05/2026 19:43,12000,2658.18
2454,Ord-1481,14,1,09/05/2026 19:43,6000,1131.94
2455,Ord-1481,16,1,09/05/2026 19:43,6000,1270.05
2456,Ord-1481,15,1,09/05/2026 19:44,6000,1187.36
2457,Ord-1482,17,1,09/05/2026 20:28,6000,1146.23
2458,Ord-1482,14,1,09/05/2026 20:28,6000,1131.94
2459,Ord-1483,14,1,09/05/2026 20:31,6000,1131.94
2460,Ord-1484,9,1,10/05/2026 11:14,10000,2658.18
2461,Ord-1484,10,1,10/05/2026 11:14,10000,2394.58
2462,Ord-1485,2,1,10/05/2026 11:16,12000,2796.73
2463,Ord-1486,14,1,10/05/2026 11:17,6000,1131.94
2464,Ord-1487,9,2,10/05/2026 13:36,10000,2658.18
2465,Ord-1487,10,2,10/05/2026 13:36,10000,2394.58
2466,Ord-1487,12,2,10/05/2026 13:36,10000,2796.73
2467,Ord-1488,9,1,10/05/2026 13:38,10000,2658.18
2468,Ord-1488,10,1,10/05/2026 13:39,10000,2394.58
2469,Ord-1489,1,1,10/05/2026 19:44,12000,2658.18
2470,Ord-1490,17,1,10/05/2026 19:44,6000,1146.23
2471,Ord-1490,5,1,10/05/2026 19:45,7000,1849.17
2472,Ord-1491,9,1,10/05/2026 19:51,10000,2658.18
2473,Ord-1491,11,1,10/05/2026 19:53,10000,3003.45
2474,Ord-1492,9,1,10/05/2026 19:56,10000,2658.18
2475,Ord-1492,12,1,10/05/2026 19:57,10000,2796.73
2476,Ord-1492,11,1,10/05/2026 19:57,10000,3003.45
2477,Ord-1493,9,1,10/05/2026 20:00,10000,2658.18
2478,Ord-1493,10,1,10/05/2026 20:01,10000,2394.58
2479,Ord-1493,11,1,10/05/2026 20:01,10000,3003.45
2480,Ord-1493,12,1,10/05/2026 20:01,10000,2796.73
2481,Ord-1493,5,1,10/05/2026 20:02,7000,1849.17
2482,Ord-1494,14,1,10/05/2026 20:05,6000,1131.94
2483,Ord-1495,9,1,10/05/2026 20:07,10000,2658.18
2484,Ord-1496,9,2,12/05/2026 18:43,10000,2658.18
2485,Ord-1497,7,2,12/05/2026 18:44,7000,1772.12
2486,Ord-1497,8,1,12/05/2026 18:44,7000,1772.12
2487,Ord-1498,9,1,12/05/2026 18:46,10000,2658.18
2488,Ord-1498,12,1,12/05/2026 18:46,10000,2796.73
2489,Ord-1499,1,1,12/05/2026 18:48,12000,2658.18
2490,Ord-1500,15,1,12/05/2026 18:50,6000,1187.36
2491,Ord-1501,5,3,13/05/2026 11:32,7000,1849.17
2492,Ord-1502,15,1,13/05/2026 15:07,6000,1187.36
2493,Ord-1503,1,1,14/05/2026 15:39,12000,2658.18
2494,Ord-1504,1,1,14/05/2026 15:40,12000,2658.18
2495,Ord-1505,14,1,14/05/2026 20:55,6000,1131.94
2496,Ord-1506,8,4,14/05/2026 20:56,7000,1772.12
2497,Ord-1507,1,1,14/05/2026 20:57,12000,2658.18
2498,Ord-1508,1,1,14/05/2026 20:58,12000,2658.18
2499,Ord-1509,1,1,15/05/2026 12:39,12000,2658.18
2500,Ord-1510,9,3,15/05/2026 14:56,10000,2658.18
2501,Ord-1511,1,1,15/05/2026 15:01,12000,2658.18
2502,Ord-1512,9,1,15/05/2026 15:44,10000,2658.18
2503,Ord-1512,10,1,15/05/2026 15:45,10000,2394.58
2504,Ord-1513,4,1,15/05/2026 15:48,12000,2394.58
2505,Ord-1514,5,1,15/05/2026 19:01,7000,1849.17
2506,Ord-1514,7,1,15/05/2026 19:01,7000,1772.12
2507,Ord-1515,1,1,15/05/2026 19:04,12000,2658.18
2508,Ord-1515,17,1,15/05/2026 19:04,6000,1146.23
2509,Ord-1515,5,1,15/05/2026 19:04,7000,1849.17
2510,Ord-1516,1,1,15/05/2026 19:07,12000,2658.18
2511,Ord-1516,16,1,15/05/2026 19:07,6000,1270.05
2512,Ord-1517,1,1,15/05/2026 19:10,12000,2658.18
2513,Ord-1518,14,1,15/05/2026 19:11,6000,1131.94
2514,Ord-1519,1,1,15/05/2026 19:14,12000,2658.18
2515,Ord-1520,4,1,16/05/2026 10:54,12000,2394.58
2516,Ord-1520,8,1,16/05/2026 10:54,7000,1772.12
2517,Ord-1521,19,3,16/05/2026 11:02,24000,5594.6
2518,Ord-1521,20,2,16/05/2026 11:23,48000,10829.2
2519,Ord-1521,5,6,16/05/2026 11:23,7000,1849.17
2520,Ord-1521,3,2,16/05/2026 11:23,12000,3003.45
2521,Ord-1522,17,1,16/05/2026 19:06,6000,1146.23
2522,Ord-1522,16,1,16/05/2026 19:07,6000,1270.05
2523,Ord-1523,1,1,16/05/2026 22:57,12000,2658.18
2524,Ord-1524,1,2,16/05/2026 22:58,12000,2658.18
2525,Ord-1525,14,1,16/05/2026 22:59,6000,1131.94
2526,Ord-1526,1,1,16/05/2026 23:00,12000,2658.18
2527,Ord-1527,5,2,16/05/2026 23:01,7000,1849.17
2528,Ord-1528,14,3,17/05/2026 11:36,6000,1131.94
2529,Ord-1528,7,2,17/05/2026 11:36,7000,1772.12
2530,Ord-1529,3,1,17/05/2026 11:38,12000,3003.45
2531,Ord-1530,1,1,17/05/2026 11:42,12000,2658.18
2532,Ord-1530,16,1,17/05/2026 11:42,6000,1270.05
2533,Ord-1531,9,1,17/05/2026 11:44,10000,2658.18
2534,Ord-1531,11,1,17/05/2026 11:44,10000,3003.45
2535,Ord-1532,1,1,17/05/2026 18:10,12000,2658.18
2536,Ord-1533,5,2,17/05/2026 18:11,7000,1849.17
2537,Ord-1534,1,1,17/05/2026 18:12,12000,2658.18
2538,Ord-1535,15,1,17/05/2026 18:15,6000,1187.36
2539,Ord-1535,16,1,17/05/2026 18:15,6000,1270.05
2540,Ord-1535,17,1,17/05/2026 18:15,6000,1146.23
2541,Ord-1536,1,1,17/05/2026 18:22,12000,2658.18
2542,Ord-1537,14,1,19/05/2026 10:47,6000,1131.94
2543,Ord-1538,9,2,19/05/2026 10:51,10000,2658.18
2544,Ord-1539,11,2,19/05/2026 10:53,10000,3003.45
2545,Ord-1539,9,1,19/05/2026 10:53,10000,2658.18
2546,Ord-1539,5,1,19/05/2026 10:53,7000,1849.17
2547,Ord-1540,9,2,19/05/2026 10:56,10000,2658.18
2548,Ord-1541,9,2,19/05/2026 15:25,10000,2658.18
2549,Ord-1542,1,1,19/05/2026 15:26,12000,2658.18
2550,Ord-1543,20,5,19/05/2026 15:29,48000,10829.2
2551,Ord-1544,1,1,19/05/2026 18:48,12000,2658.18
2552,Ord-1544,14,1,19/05/2026 18:48,6000,1131.94
2553,Ord-1545,1,1,19/05/2026 18:49,12000,2658.18
2554,Ord-1546,1,1,19/05/2026 19:11,12000,2658.18
2555,Ord-1547,8,1,19/05/2026 19:11,7000,1772.12
2556,Ord-1548,15,1,19/05/2026 19:49,6000,1187.36
2557,Ord-1548,14,1,19/05/2026 19:50,6000,1131.94
2558,Ord-1548,5,1,19/05/2026 19:50,7000,1849.17
2559,Ord-1549,9,1,20/05/2026 11:33,10000,2658.18
2560,Ord-1549,10,1,20/05/2026 11:33,10000,2394.58
2561,Ord-1549,11,1,20/05/2026 11:33,10000,3003.45
2562,Ord-1549,12,1,20/05/2026 11:33,10000,2796.73
2563,Ord-1550,14,1,20/05/2026 11:35,6000,1131.94
2564,Ord-1550,8,1,20/05/2026 11:35,7000,1772.12
2565,Ord-1551,9,1,20/05/2026 11:37,10000,2658.18
2566,Ord-1551,10,1,20/05/2026 11:37,10000,2394.58
2567,Ord-1551,5,1,20/05/2026 11:37,7000,1849.17
2568,Ord-1552,9,2,20/05/2026 14:18,10000,2658.18
2569,Ord-1553,20,5,20/05/2026 16:44,48000,10829.2
2570,Ord-1554,16,2,20/05/2026 16:53,6000,1270.05
2571,Ord-1554,15,4,20/05/2026 16:54,6000,1187.36
2572,Ord-1554,17,4,20/05/2026 16:54,6000,1146.23
2573,Ord-1555,9,1,20/05/2026 17:00,10000,2658.18
2574,Ord-1555,11,1,20/05/2026 17:00,10000,3003.45
2575,Ord-1555,8,1,20/05/2026 17:00,7000,1772.12
2576,Ord-1556,4,1,20/05/2026 17:01,12000,2394.58
2577,Ord-1557,9,4,20/05/2026 17:47,10000,2658.18
2578,Ord-1558,1,1,20/05/2026 18:27,12000,2658.18
2579,Ord-1559,6,1,20/05/2026 20:35,9000,2658.18
2580,Ord-1560,1,1,20/05/2026 20:36,12000,2658.18
2581,Ord-1560,6,1,20/05/2026 20:36,9000,2658.18
2582,Ord-1561,9,3,21/05/2026 14:20,10000,2658.18
2583,Ord-1561,11,2,21/05/2026 14:20,10000,3003.45
2584,Ord-1562,1,1,22/05/2026 11:01,12000,2658.18
2585,Ord-1562,5,1,22/05/2026 11:01,7000,1849.17
2586,Ord-1563,9,1,22/05/2026 11:02,10000,2658.18
2587,Ord-1563,10,1,22/05/2026 11:02,10000,2394.58
2588,Ord-1563,5,1,22/05/2026 11:02,7000,1849.17
2589,Ord-1564,9,2,22/05/2026 11:03,10000,2658.18
2590,Ord-1565,11,1,22/05/2026 11:05,10000,3003.45
2591,Ord-1565,10,1,22/05/2026 11:05,10000,2394.58
2592,Ord-1565,9,1,22/05/2026 11:05,10000,2658.18
2593,Ord-1566,9,2,22/05/2026 11:07,10000,2658.18
2594,Ord-1566,8,1,22/05/2026 11:07,7000,1772.12
2595,Ord-1567,9,4,22/05/2026 20:35,10000,2658.18
2596,Ord-1568,19,3,23/05/2026 08:44,24000,5594.6
2597,Ord-1568,20,1,23/05/2026 08:44,48000,10829.2
2598,Ord-1569,1,1,23/05/2026 08:51,12000,2658.18
2599,Ord-1569,5,1,23/05/2026 08:51,7000,1849.17
2600,Ord-1570,9,1,23/05/2026 08:55,10000,2658.18
2601,Ord-1570,10,1,23/05/2026 08:55,10000,2394.58
2602,Ord-1571,1,1,23/05/2026 08:57,12000,2658.18
2603,Ord-1572,3,1,23/05/2026 08:58,12000,3003.45
2604,Ord-1573,9,2,23/05/2026 08:59,10000,2658.18
2605,Ord-1574,14,1,23/05/2026 09:01,6000,1131.94
2606,Ord-1574,16,1,23/05/2026 09:01,6000,1270.05
2607,Ord-1574,5,1,23/05/2026 09:01,7000,1849.17
2608,Ord-1575,4,1,23/05/2026 09:04,12000,2394.58
2609,Ord-1576,1,4,23/05/2026 09:34,5362.5,2658.18
2610,Ord-1576,2,4,23/05/2026 09:35,5362.5,2796.73
2611,Ord-1576,3,2,23/05/2026 09:35,10725,3003.45
2612,Ord-1576,4,2,23/05/2026 09:35,10725,2394.58
2613,Ord-1576,6,4,23/05/2026 09:35,5362.5,2658.18
2614,Ord-1576,8,3,23/05/2026 09:35,7150,1772.12
2615,Ord-1576,7,2,23/05/2026 09:36,10725,1772.12
2616,Ord-1576,5,2,23/05/2026 09:36,10725,1849.17
2617,Ord-1577,9,2,23/05/2026 13:58,10000,2658.18
2618,Ord-1577,5,4,23/05/2026 14:01,7000,1849.17
2619,Ord-1578,7,1,23/05/2026 14:02,7000,1772.12
2620,Ord-1579,7,1,24/05/2026 10:34,7000,1772.12
2621,Ord-1580,9,4,24/05/2026 10:36,10000,2658.18
2622,Ord-1581,1,1,24/05/2026 10:38,12000,2658.18
2623,Ord-1582,1,1,24/05/2026 10:41,12000,2658.18
2624,Ord-1583,14,1,24/05/2026 10:42,6000,1131.94
2625,Ord-1584,1,1,24/05/2026 16:22,12000,2658.18
2626,Ord-1585,9,3,24/05/2026 16:22,10000,2658.18
2627,Ord-1586,9,2,24/05/2026 22:41,10000,2658.18
2628,Ord-1587,10,1,25/05/2026 13:37,10000,2394.58
2629,Ord-1587,9,1,25/05/2026 13:37,10000,2658.18
2630,Ord-1588,2,1,25/05/2026 14:17,12000,2796.73
2631,Ord-1589,1,1,25/05/2026 17:32,12000,2658.18
2632,Ord-1589,16,1,25/05/2026 17:32,6000,1270.05
2633,Ord-1590,7,2,25/05/2026 20:21,7000,1772.12
2634,Ord-1591,1,1,25/05/2026 20:38,12000,2658.18
2635,Ord-1592,1,1,25/05/2026 20:40,12000,2658.18
2636,Ord-1592,3,1,25/05/2026 20:40,12000,3003.45
2637,Ord-1593,2,1,25/05/2026 20:46,12000,2796.73
2638,Ord-1593,3,1,25/05/2026 20:46,12000,3003.45
2639,Ord-1594,9,2,26/05/2026 16:37,10000,2658.18
2640,Ord-1594,14,1,26/05/2026 16:37,6000,1131.94
2641,Ord-1595,9,4,27/05/2026 13:50,10000,2658.18
2642,Ord-1595,5,1,27/05/2026 13:51,7000,1849.17
2643,Ord-1596,1,1,27/05/2026 13:53,12000,2658.18
2644,Ord-1597,1,1,27/05/2026 16:31,12000,2658.18
2645,Ord-1597,5,2,27/05/2026 16:32,7000,1849.17
2646,Ord-1598,9,2,27/05/2026 18:21,10000,2658.18
2647,Ord-1599,10,1,27/05/2026 19:38,10000,2394.58
2648,Ord-1599,9,1,27/05/2026 19:38,10000,2658.18
2649,Ord-1600,9,1,28/05/2026 00:23,10000,2658.18
2650,Ord-1600,10,1,28/05/2026 00:23,10000,2394.58
2651,Ord-1601,9,1,28/05/2026 22:45,10000,2658.18
2652,Ord-1602,9,1,28/05/2026 22:46,10000,2658.18
2653,Ord-1602,12,1,28/05/2026 22:46,10000,2796.73
2654,Ord-1603,1,1,28/05/2026 22:47,12000,2658.18
2655,Ord-1604,1,1,28/05/2026 22:48,12000,2658.18
2656,Ord-1605,9,3,28/05/2026 22:50,10000,2658.18
2657,Ord-1605,5,2,28/05/2026 22:50,7000,1849.17
2658,Ord-1606,14,1,28/05/2026 22:51,6000,1131.94
2659,Ord-1606,4,1,28/05/2026 22:51,12000,2394.58
2660,Ord-1607,9,1,29/05/2026 11:26,10000,2658.18
2661,Ord-1607,12,1,29/05/2026 11:26,10000,2796.73
2662,Ord-1608,9,1,29/05/2026 11:26,10000,2658.18
2663,Ord-1608,11,1,29/05/2026 11:27,10000,3003.45
2664,Ord-1608,5,1,29/05/2026 11:27,7000,1849.17
2665,Ord-1609,1,1,30/05/2026 13:24,12000,2658.18
2666,Ord-1610,9,2,30/05/2026 13:30,10000,2658.18
2667,Ord-1611,1,1,30/05/2026 13:34,12000,2658.18
2668,Ord-1611,5,1,30/05/2026 13:34,7000,1849.17
2669,Ord-1612,9,1,30/05/2026 13:38,10000,2658.18
2670,Ord-1612,10,1,30/05/2026 13:38,10000,2394.58
2671,Ord-1613,1,1,30/05/2026 14:23,12000,2658.18
2672,Ord-1614,1,1,30/05/2026 14:26,12000,2658.18
2673,Ord-1615,9,3,30/05/2026 14:27,10000,2658.18
2674,Ord-1616,1,1,30/05/2026 14:29,12000,2658.18
2675,Ord-1616,5,1,30/05/2026 14:29,7000,1849.17
2676,Ord-1616,7,2,30/05/2026 14:29,7000,1772.12
2677,Ord-1616,8,1,30/05/2026 14:29,7000,1772.12
2678,Ord-1617,9,4,30/05/2026 16:54,10000,2658.18
2679,Ord-1618,9,2,30/05/2026 16:57,10000,2658.18
2680,Ord-1619,9,1,30/05/2026 16:59,10000,2658.18
2681,Ord-1619,12,1,30/05/2026 17:00,10000,2796.73
2682,Ord-1619,7,1,30/05/2026 17:00,7000,1772.12
2683,Ord-1620,1,1,30/05/2026 17:03,12000,2658.18
2684,Ord-1621,1,1,31/05/2026 23:46,12000,2658.18
2685,Ord-1621,5,1,31/05/2026 23:46,7000,1849.17
2686,Ord-1621,6,1,31/05/2026 23:47,9000,2658.18
2687,Ord-1621,7,1,31/05/2026 23:47,7000,1772.12
2688,Ord-1621,16,1,31/05/2026 23:47,6000,1270.05
2689,Ord-1622,6,1,31/05/2026 23:49,9000,2658.18
2690,Ord-1623,8,4,31/05/2026 23:51,7000,1772.12
2691,Ord-1624,9,2,31/05/2026 23:53,10000,2658.18
2692,Ord-1625,9,2,31/05/2026 23:54,10000,2658.18
2693,Ord-1626,9,1,31/05/2026 23:56,10000,2658.18
2694,Ord-1626,11,1,31/05/2026 23:56,10000,3003.45
2695,Ord-1626,5,1,31/05/2026 23:56,7000,1849.17
2696,Ord-1627,1,1,31/05/2026 23:58,12000,2658.18
2697,Ord-1627,17,1,31/05/2026 23:58,6000,1146.23
2698,Ord-1628,14,1,31/05/2026 19:13,6000,1131.94
2699,Ord-1629,9,4,02/06/2026 17:06,10000,2658.18
2700,Ord-1629,14,1,02/06/2026 17:07,6000,1131.94
2701,Ord-1630,9,1,02/06/2026 17:08,10000,2658.18
2702,Ord-1630,10,1,02/06/2026 17:08,10000,2394.58
2703,Ord-1630,12,1,02/06/2026 17:08,10000,2796.73
2704,Ord-1631,9,2,02/06/2026 17:11,10000,2658.18
2705,Ord-1632,9,2,02/06/2026 17:12,10000,2658.18
2706,Ord-1632,11,1,02/06/2026 17:12,10000,3003.45
2707,Ord-1632,10,1,02/06/2026 17:12,10000,2394.58
2708,Ord-1633,6,2,02/06/2026 17:14,9000,2658.18
2709,Ord-1633,5,2,02/06/2026 17:14,7000,1849.17
2710,Ord-1633,1,1,02/06/2026 17:14,12000,2658.18
2711,Ord-1634,9,2,03/06/2026 10:18,10000,2658.18
2712,Ord-1635,9,1,03/06/2026 18:21,10000,2658.18
2713,Ord-1635,10,1,03/06/2026 18:22,10000,2394.58
2714,Ord-1636,9,1,03/06/2026 18:23,10000,2658.18
2715,Ord-1637,9,2,03/06/2026 18:24,10000,2658.18
2716,Ord-1638,9,2,03/06/2026 18:25,10000,2658.18
2717,Ord-1639,9,1,03/06/2026 18:26,10000,2658.18
2718,Ord-1639,10,1,03/06/2026 18:26,10000,2394.58
2719,Ord-1639,11,1,03/06/2026 18:26,10000,3003.45
2720,Ord-1639,7,1,03/06/2026 18:26,7000,1772.12
2721,Ord-1639,5,1,03/06/2026 18:26,7000,1849.17
2722,Ord-1640,9,1,03/06/2026 18:29,10000,2658.18
2723,Ord-1641,9,2,03/06/2026 18:30,10000,2658.18
2724,Ord-1636,10,1,03/06/2026 21:48,10000,2394.58
2725,Ord-1642,9,1,03/06/2026 21:55,10000,2658.18
2726,Ord-1642,12,1,03/06/2026 21:55,10000,2796.73
2727,Ord-1642,11,1,03/06/2026 21:56,10000,3003.45
2728,Ord-1643,1,1,03/06/2026 22:23,12000,2658.18
2729,Ord-1644,9,2,05/06/2026 16:39,10000,2658.18
2730,Ord-1644,10,1,05/06/2026 16:39,10000,2394.58
2731,Ord-1644,12,1,05/06/2026 16:39,10000,2796.73
2732,Ord-1645,9,3,05/06/2026 16:42,10000,2658.18
2733,Ord-1646,1,10,05/06/2026 16:43,12000,2658.18
2734,Ord-1647,9,2,05/06/2026 16:45,10000,2658.18
2735,Ord-1648,14,1,05/06/2026 16:50,6000,1131.94
2736,Ord-1649,9,4,05/06/2026 16:51,10000,2658.18
2737,Ord-1650,1,1,05/06/2026 16:54,12000,2658.18
2738,Ord-1651,7,4,05/06/2026 17:22,7000,1772.12
2739,Ord-1652,19,2,06/06/2026 19:32,24000,5594.6
2740,Ord-1652,20,4,06/06/2026 19:33,48000,10829.2
2741,Ord-1653,7,1,06/06/2026 19:44,7000,1772.12
2742,Ord-1652,6,2,06/06/2026 19:45,9000,2658.18
2743,Ord-1654,1,1,06/06/2026 21:15,12000,2658.18
2744,Ord-1655,14,1,06/06/2026 21:17,6000,1131.94
2745,Ord-1655,17,1,06/06/2026 21:17,6000,1146.23
2746,Ord-1656,3,1,06/06/2026 21:22,12000,3003.45
2747,Ord-1657,1,1,06/06/2026 21:23,12000,2658.18
2748,Ord-1658,9,2,07/06/2026 23:58,10000,2658.18
2749,Ord-1659,9,2,08/06/2026 15:13,10000,2855.43
2750,Ord-1660,1,1,08/06/2026 17:47,12000,2855.43
2751,Ord-1661,9,1,08/06/2026 21:28,10000,2855.43
2752,Ord-1661,10,1,08/06/2026 21:28,10000,2569.91
2753,Ord-1662,9,2,09/06/2026 13:53,10000,2855.43
2754,Ord-1663,18,264,28/05/2026 00:00,6000,1331
2755,Ord-1664,9,1,09/06/2026 16:49,10000,2855.43
2756,Ord-1664,10,1,09/06/2026 16:49,10000,2569.91
2757,Ord-1665,1,1,09/06/2026 17:55,12000,2855.43
2758,Ord-1666,9,2,10/06/2026 00:36,10000,2855.43
2759,Ord-1667,7,2,10/06/2026 00:38,7000,1903.62
2760,Ord-1667,8,1,10/06/2026 00:38,7000,1903.62
2761,Ord-1668,1,1,10/06/2026 00:43,12000,2855.43
2762,Ord-1669,1,1,10/06/2026 11:23,12000,2855.43
2763,Ord-1670,9,2,10/06/2026 15:52,10000,2855.43
2764,Ord-1671,9,2,10/06/2026 16:00,10000,2855.43
2765,Ord-1672,9,2,10/06/2026 16:03,10000,2855.43
2766,Ord-1673,9,2,10/06/2026 16:05,10000,2855.43
2767,Ord-1674,9,2,10/06/2026 19:03,10000,2855.43
2768,Ord-1675,9,1,10/06/2026 19:05,10000,2855.43
2769,Ord-1675,10,1,10/06/2026 19:05,10000,2569.91
2770,Ord-1676,1,1,11/06/2026 11:01,12000,2855.43
2771,Ord-1677,10,1,11/06/2026 11:03,10000,2569.91
2772,Ord-1677,12,1,11/06/2026 11:03,10000,2993.98
2773,Ord-1678,9,1,11/06/2026 11:04,10000,2855.43
2774,Ord-1678,12,1,11/06/2026 11:05,10000,2993.98
2775,Ord-1679,9,1,11/06/2026 13:31,10000,2855.43
2776,Ord-1679,11,1,11/06/2026 13:31,10000,3200.7
2777,Ord-1680,9,2,11/06/2026 13:33,10000,2855.43
2778,Ord-1681,1,1,11/06/2026 19:20,12000,2855.43
2779,Ord-1682,9,1,11/06/2026 19:22,10000,2855.43
2780,Ord-1682,10,1,11/06/2026 19:22,10000,2569.91
2781,Ord-1682,5,1,11/06/2026 19:22,7000,1986.38
2782,Ord-1682,8,1,11/06/2026 19:22,7000,1903.62
2783,Ord-1683,9,1,13/06/2026 12:03,10000,2855.43
2784,Ord-1683,11,1,13/06/2026 12:03,10000,3200.7
2785,Ord-1684,9,1,13/06/2026 12:05,10000,2855.43
2786,Ord-1684,11,2,13/06/2026 12:05,10000,3200.7
2787,Ord-1684,12,2,13/06/2026 12:05,10000,2993.98
2788,Ord-1684,5,1,13/06/2026 12:05,7000,1986.38
2789,Ord-1685,9,1,13/06/2026 12:11,10000,2855.43
2790,Ord-1685,12,1,13/06/2026 12:11,10000,2993.98
2791,Ord-1686,9,3,13/06/2026 12:18,10000,2855.43
2792,Ord-1686,5,1,13/06/2026 12:18,7000,1986.38
2793,Ord-1686,6,1,13/06/2026 12:18,9000,2855.43
2794,Ord-1687,1,1,13/06/2026 12:22,12000,2855.43
2795,Ord-1687,4,1,13/06/2026 12:22,12000,2569.91
2796,Ord-1687,3,1,13/06/2026 12:22,12000,3200.7
2797,Ord-1688,9,1,13/06/2026 16:40,10000,2855.43
2798,Ord-1688,10,1,13/06/2026 16:40,10000,2569.91
2799,Ord-1689,5,1,14/06/2026 00:09,7000,1986.38
2800,Ord-1689,8,1,14/06/2026 00:09,7000,1903.62
2801,Ord-1689,15,1,14/06/2026 00:10,6000,1266.26
2802,Ord-1690,1,1,14/06/2026 00:12,12000,2855.43
2803,Ord-1691,1,1,14/06/2026 00:14,12000,2855.43
2804,Ord-1692,1,1,14/06/2026 00:15,12000,2855.43
2805,Ord-1693,9,1,14/06/2026 21:44,10000,2855.43
2806,Ord-1693,12,1,14/06/2026 21:45,10000,2993.98
2807,Ord-1694,1,1,14/06/2026 21:46,12000,2855.43
2808,Ord-1695,1,1,14/06/2026 21:47,12000,2855.43
2809,Ord-1695,5,1,14/06/2026 21:47,7000,1986.38
2810,Ord-1696,9,1,14/06/2026 21:49,10000,2855.43
2811,Ord-1696,11,1,14/06/2026 21:49,10000,3200.7
2812,Ord-1697,9,4,14/06/2026 21:50,10000,2855.43
2813,Ord-1698,5,1,14/06/2026 21:51,7000,1986.38
2814,Ord-1699,10,1,16/06/2026 16:46,10000,2569.91
2815,Ord-1699,12,1,16/06/2026 16:46,10000,2993.98
2816,Ord-1700,9,2,16/06/2026 16:48,10000,2855.43
2817,Ord-1701,1,1,16/06/2026 16:50,12000,2855.43
2818,Ord-1701,5,1,16/06/2026 16:51,7000,1986.38
2819,Ord-1702,9,1,16/06/2026 17:00,10000,2855.43
2820,Ord-1702,12,1,16/06/2026 17:00,10000,2993.98
2821,Ord-1703,7,3,16/06/2026 17:10,7000,1903.62
2822,Ord-1704,12,2,16/06/2026 17:13,10000,2993.98
2823,Ord-1704,11,1,16/06/2026 17:14,10000,3200.7
2824,Ord-1705,1,1,16/06/2026 17:16,12000,2855.43
2825,Ord-1706,1,1,16/06/2026 17:19,12000,2855.43
2826,Ord-1706,8,2,16/06/2026 17:19,7000,1903.62
2827,Ord-1706,5,2,16/06/2026 17:19,7000,1986.38
2828,Ord-1707,9,3,16/06/2026 17:35,10000,2855.43
2829,Ord-1707,11,2,16/06/2026 17:35,10000,3200.7
2830,Ord-1708,9,2,16/06/2026 17:47,10000,2855.43
2831,Ord-1708,12,2,16/06/2026 17:47,10000,2993.98
2832,Ord-1709,9,1,16/06/2026 20:30,10000,2855.43
2833,Ord-1709,10,1,16/06/2026 20:30,10000,2569.91
2834,Ord-1710,1,1,17/06/2026 01:44,12000,2855.43
2835,Ord-1711,9,1,17/06/2026 01:47,10000,2855.43
2836,Ord-1711,10,1,17/06/2026 01:47,10000,2569.91
2837,Ord-1712,5,1,17/06/2026 01:48,7000,1986.38
2838,Ord-1712,7,1,17/06/2026 01:48,7000,1903.62
2839,Ord-1713,9,1,17/06/2026 16:53,10000,2855.43
2840,Ord-1713,10,1,17/06/2026 16:53,10000,2569.91
2841,Ord-1713,11,1,17/06/2026 16:53,10000,3200.7
2842,Ord-1713,12,1,17/06/2026 16:53,10000,2993.98
2843,Ord-1714,14,1,17/06/2026 17:07,6000,1210.84
2844,Ord-1714,15,1,17/06/2026 17:07,6000,1266.26
2845,Ord-1715,9,1,17/06/2026 17:10,10000,2855.43
2846,Ord-1715,11,1,17/06/2026 17:10,10000,3200.7
2847,Ord-1715,7,1,17/06/2026 17:10,7000,1903.62
2848,Ord-1716,1,1,17/06/2026 17:43,12000,2855.43
2849,Ord-1717,1,1,17/06/2026 19:48,12000,2855.43
2850,Ord-1718,1,1,18/06/2026 16:44,12000,2855.43
2851,Ord-1719,5,2,18/06/2026 16:54,8000,1986.38
2852,Ord-1719,6,1,18/06/2026 16:55,9000,2855.43
2853,Ord-1719,1,1,18/06/2026 16:55,12000,2855.43
2854,Ord-1720,1,1,18/06/2026 16:58,12000,2855.43
2855,Ord-1720,16,1,18/06/2026 16:58,6000,1348.95
2856,Ord-1721,15,1,18/06/2026 17:00,6000,1266.26
2857,Ord-1721,16,1,18/06/2026 17:01,6000,1348.95
2858,Ord-1722,9,2,18/06/2026 19:48,10000,2855.43
2859,Ord-1722,16,1,18/06/2026 19:49,6000,1348.95
2860,Ord-1722,7,1,18/06/2026 19:49,7000,1903.62
2861,Ord-1722,5,2,18/06/2026 19:49,8000,1986.38
2862,Ord-1723,9,2,18/06/2026 19:50,10000,2855.43
2863,Ord-1724,9,1,19/06/2026 01:45,10000,2855.43
2864,Ord-1724,11,1,19/06/2026 01:45,10000,3200.7
2865,Ord-1725,9,2,19/06/2026 01:48,10000,2855.43
2866,Ord-1725,6,1,19/06/2026 01:48,9000,2855.43
2867,Ord-1726,12,1,19/06/2026 11:27,10000,2993.98
2868,Ord-1726,10,1,19/06/2026 11:27,10000,2569.91
2869,Ord-1727,9,1,19/06/2026 11:32,10000,2855.43
2870,Ord-1727,10,1,19/06/2026 11:32,10000,2569.91
2871,Ord-1728,9,2,19/06/2026 11:34,10000,2855.43
2872,Ord-1729,14,1,19/06/2026 12:24,6000,1210.84
2873,Ord-1730,9,4,19/06/2026 12:25,10000,2855.43
2874,Ord-1731,5,2,19/06/2026 12:27,8000,1986.38
2875,Ord-1732,9,2,19/06/2026 20:54,10000,2855.43
2876,Ord-1733,17,1,19/06/2026 21:07,6000,1225.13
2877,Ord-1733,16,1,19/06/2026 21:07,6000,1348.95
2878,Ord-1734,9,1,19/06/2026 21:12,10000,2855.43
2879,Ord-1734,11,1,19/06/2026 21:12,10000,3200.7
2880,Ord-1735,9,3,19/06/2026 21:14,10000,2855.43
2881,Ord-1736,8,1,19/06/2026 21:16,6000,1903.62
2882,Ord-1737,19,5,19/06/2026 21:18,24000,5710.86
2883,Ord-1737,20,1,19/06/2026 21:18,24000,5710.86
2884,Ord-1737,21,2,19/06/2026 21:18,24000,5710.86
2885,Ord-1737,22,2,19/06/2026 21:18,24000,5710.86
2886,Ord-1738,1,1,19/06/2026 21:21,12000,2855.43
2887,Ord-1739,9,1,19/06/2026 21:35,10000,2855.43
2888,Ord-1739,10,1,19/06/2026 21:35,10000,2569.91
2889,Ord-1740,9,1,20/06/2026 02:28,10000,2855.43
2890,Ord-1741,5,1,20/06/2026 02:30,8000,1986.38
2891,Ord-1741,8,1,20/06/2026 02:30,6000,1903.62
2892,Ord-1741,2,1,20/06/2026 02:31,12000,2993.98
2893,Ord-1742,5,2,23/06/2026 20:37,8000,1986.38
2894,Ord-1743,9,1,23/06/2026 21:11,10000,2855.43
2895,Ord-1743,10,1,23/06/2026 21:11,10000,2569.91
2896,Ord-1744,1,1,23/06/2026 21:15,12000,2855.43
2897,Ord-1745,9,1,23/06/2026 21:17,10000,2855.43
2898,Ord-1745,11,1,23/06/2026 21:18,10000,3200.7
2899,Ord-1746,1,1,23/06/2026 21:20,12000,2855.43
2900,Ord-1746,17,1,23/06/2026 21:20,6000,1225.13
2901,Ord-1747,10,1,23/06/2026 21:22,10000,2569.91
2902,Ord-1747,11,1,23/06/2026 21:22,10000,3200.7
2903,Ord-1747,12,1,23/06/2026 21:22,10000,2993.98
2904,Ord-1748,4,1,23/06/2026 21:25,12000,2569.91
2905,Ord-1749,9,2,23/06/2026 21:29,10000,2855.43
2906,Ord-1750,1,1,23/06/2026 21:31,12000,2855.43
2907,Ord-1750,5,1,23/06/2026 21:31,8000,1986.38
2908,Ord-1751,9,2,23/06/2026 21:34,10000,2855.43
2909,Ord-1752,9,2,23/06/2026 21:36,10000,2855.43
2910,Ord-1753,9,2,23/06/2026 21:38,10000,2855.43
2911,Ord-1754,9,2,23/06/2026 21:39,10000,2855.43
2912,Ord-1755,16,1,23/06/2026 21:46,6000,1348.95
2913,Ord-1755,15,1,23/06/2026 21:46,6000,1266.26
2914,Ord-1756,9,1,23/06/2026 21:49,10000,2855.43
2915,Ord-1756,12,1,23/06/2026 21:55,10000,2993.98
2916,Ord-1757,5,1,23/06/2026 22:14,8000,1986.38
2917,Ord-1757,3,1,23/06/2026 22:14,12000,3200.7
2918,Ord-1758,9,1,23/06/2026 22:15,10000,2855.43
2919,Ord-1758,11,1,23/06/2026 22:15,10000,3200.7
2920,Ord-1759,16,1,23/06/2026 22:25,6000,1348.95
2921,Ord-1760,1,1,24/06/2026 20:59,12000,2855.43
2922,Ord-1761,7,2,24/06/2026 22:23,7000,1903.62
2923,Ord-1761,12,1,24/06/2026 22:23,10000,2993.98
2924,Ord-1761,10,1,24/06/2026 22:23,10000,2569.91
2925,Ord-1761,11,1,24/06/2026 22:23,10000,3200.7
2926,Ord-1762,1,1,25/06/2026 18:57,12000,2855.43
2927,Ord-1763,9,3,25/06/2026 18:58,10000,2855.43
2928,Ord-1764,9,1,25/06/2026 18:59,10000,2855.43
2929,Ord-1764,12,1,25/06/2026 18:59,10000,2993.98
2930,Ord-1765,9,2,25/06/2026 18:59,10000,2855.43
2931,Ord-1766,9,2,26/06/2026 14:27,10500,2855.43
2932,Ord-1767,7,1,26/06/2026 14:30,8000,1903.62
2933,Ord-1768,9,2,26/06/2026 14:34,10500,2855.43
2934,Ord-1769,7,5,26/06/2026 14:36,8000,1903.62
2935,Ord-1770,9,1,26/06/2026 14:38,10500,2855.43
2936,Ord-1770,11,1,26/06/2026 14:38,10500,3200.7
2937,Ord-1771,9,2,26/06/2026 14:40,10500,2855.43
2938,Ord-1772,9,2,26/06/2026 14:44,10500,2855.43
2939,Ord-1773,1,1,26/06/2026 14:48,12500,2855.43
2940,Ord-1774,1,1,26/06/2026 14:49,12500,2855.43
2941,Ord-1775,14,1,26/06/2026 14:50,6000,1210.84
2942,Ord-1775,17,1,26/06/2026 14:50,6000,1225.13
2943,Ord-1775,5,1,26/06/2026 14:51,8000,1986.38
2944,Ord-1776,1,1,26/06/2026 14:55,12500,2855.43
2945,Ord-1777,9,1,26/06/2026 14:56,10500,2855.43
2946,Ord-1777,11,1,26/06/2026 14:57,10500,3200.7
2947,Ord-1778,10,1,26/06/2026 15:15,10500,2569.91
2948,Ord-1778,9,1,26/06/2026 15:15,10500,2855.43
2949,Ord-1778,11,1,26/06/2026 15:15,10500,3200.7
2950,Ord-1779,1,1,26/06/2026 18:54,12500,3014.99
2951,Ord-1780,17,1,26/06/2026 19:02,6000,1248.4
2952,Ord-1780,15,1,26/06/2026 19:02,6000,1289.54
2953,Ord-1780,16,1,26/06/2026 19:02,6000,1331.68
2954,Ord-1780,1,1,26/06/2026 19:02,12500,3014.99
2955,Ord-1781,9,3,26/06/2026 19:09,10500,3014.99
2956,Ord-1782,1,1,26/06/2026 19:12,12500,3014.99
2957,Ord-1783,6,2,27/06/2026 12:14,9000,3014.99
2958,Ord-1784,9,1,27/06/2026 12:19,10500,3014.99
2959,Ord-1784,10,1,27/06/2026 12:19,10500,2621.64
2960,Ord-1785,9,1,27/06/2026 12:23,10500,3014.99
2961,Ord-1785,10,1,27/06/2026 12:23,10500,2621.64
2962,Ord-1786,6,2,27/06/2026 15:08,9000,3014.99
2963,Ord-1786,3,1,27/06/2026 15:08,12500,3157.53
2964,Ord-1787,5,1,27/06/2026 19:19,8000,2097.38
2965,Ord-1787,7,1,27/06/2026 19:19,8000,2009.99
2966,Ord-1788,5,1,27/06/2026 19:20,8000,2097.38
2967,Ord-1789,9,2,27/06/2026 19:20,10500,3014.99
2968,Ord-1790,9,2,27/06/2026 19:54,10500,3014.99
2969,Ord-1790,6,1,27/06/2026 19:54,9000,3014.99
2970,Ord-1790,5,1,27/06/2026 19:54,8000,2097.38
2971,Ord-1791,9,1,29/06/2026 18:08,10500,3014.99
2972,Ord-1791,11,1,29/06/2026 18:08,10500,3157.53
2973,Ord-1792,1,1,29/06/2026 18:10,12500,3014.99
2974,Ord-1793,19,5,29/06/2026 18:12,24000,6029.98
2975,Ord-1793,21,5,29/06/2026 18:13,24000,6315.07
2976,Ord-1794,14,1,29/06/2026 18:15,6000,1274.66
2977,Ord-1794,16,1,29/06/2026 18:15,6000,1331.68
2978,Ord-1795,1,1,29/06/2026 18:21,12500,3014.99
2979,Ord-1796,1,1,29/06/2026 18:22,12500,3014.99
,,,,,,
,,,,,,
,,,,,,
,,,,,,
,,,,,,
,,,,,,
,,,,,,
,,,,,,
,,,,,,
,,,,,,
,,,,,,
,,,,,,
,,,,,,
,,,,,,
,,,,,,
,,,,,,
,,,,,,
,,,,,,
,,,,,,
,,,,,,
,,,,,,
,,,,,,
,,,,,,
,,,,,,
,,,,,,
,,,,,,
,,,,,,
,,,,,,
,,,,,,
,,,,,,
,,,,,,
,,,,,,
,,,,,,
,,,,,,
,,,,,,
,,,,,,
,,,,,,
,,,,,,
,,,,,,
,,,,,,
,,,,,,
,,,,,,
,,,,,,
,,,,,,
,,,,,,
,,,,,,
,,,,,,
,,,,,,
,,,,,,
,,,,,,
,,,,,,
,,,,,,
,,,,,,
,,,,,,
,,,,,,
,,,,,,
,,,,,,
,,,,,,
,,,,,,
,,,,,,
,,,,,,
,,,,,,
,,,,,,
,,,,,,
,,,,,,
,,,,,,
,,,,,,
,,,,,,
,,,,,,
,,,,,,
,,,,,,
,,,,,,
,,,,,,
,,,,,,
,,,,,,
,,,,,,
,,,,,,
,,,,,,
,,,,,,
,,,,,,
,,,,,,
,,,,,,
,,,,,,
,,,,,,
,,,,,,
,,,,,,
,,,,,,
,,,,,,
,,,,,,
,,,,,,
,,,,,,
,,,,,,
,,,,,,
,,,,,,
,,,,,,
,,,,,,
,,,,,,
,,,,,,
,,,,,,
,,,,,,
,,,,,,
,,,,,,
,,,,,,
,,,,,,
,,,,,,
,,,,,,
,,,,,,
,,,,,,
,,,,,,
,,,,,,
,,,,,,
,,,,,,
,,,,,,
,,,,,,
,,,,,,
,,,,,,
,,,,,,
,,,,,,
,,,,,,
,,,,,,
,,,,,,
,,,,,,
,,,,,,
,,,,,,
,,,,,,
,,,,,,
,,,,,,
,,,,,,
,,,,,,
,,,,,,
,,,,,,
,,,,,,
,,,,,,
,,,,,,
,,,,,,
,,,,,,
,,,,,,
,,,,,,
,,,,,,
,,,,,,
,,,,,,
,,,,,,
,,,,,,
,,,,,,
,,,,,,
,,,,,,
,,,,,,
,,,,,,
,,,,,,
,,,,,,
,,,,,,
,,,,,,
,,,,,,
,,,,,,
,,,,,,
,,,,,,
,,,,,,
,,,,,,
,,,,,,
,,,,,,
,,,,,,
,,,,,,
,,,,,,
,,,,,,
,,,,,,
,,,,,,
,,,,,,
,,,,,,
,,,,,,
,,,,,,
,,,,,,
,,,,,,
,,,,,,
,,,,,,
,,,,,,
,,,,,,
,,,,,,
,,,,,,
,,,,,,
,,,,,,
,,,,,,
,,,,,,
,,,,,,
,,,,,,
,,,,,,
,,,,,,
,,,,,,
,,,,,,
,,,,,,
,,,,,,
,,,,,,
,,,,,,
,,,,,,
,,,,,,
,,,,,,
,,,,,,
,,,,,,
,,,,,,
,,,,,,
,,,,,,
,,,,,,
,,,,,,
,,,,,,
,,,,,,
,,,,,,
,,,,,,
,,,,,,
,,,,,,
,,,,,,
,,,,,,
,,,,,,
,,,,,,
,,,,,,
,,,,,,
,,,,,,
,,,,,,
,,,,,,
,,,,,,
,,,,,,
,,,,,,
,,,,,,
,,,,,,
,,,,,,
,,,,,,
,,,,,,
,,,,,,
,,,,,,
,,,,,,
,,,,,,
,,,,,,
,,,,,,
,,,,,,
,,,,,,
,,,,,,
,,,,,,
,,,,,,
,,,,,,
,,,,,,
,,,,,,
,,,,,,
,,,,,,
,,,,,,
,,,,,,
,,,,,,
,,,,,,
,,,,,,
,,,,,,
,,,,,,
,,,,,,
,,,,,,
,,,,,,
,,,,,,
,,,,,,
,,,,,,
,,,,,,
,,,,,,
,,,,,,
,,,,,,
,,,,,,
,,,,,,
,,,,,,
,,,,,,
,,,,,,
,,,,,,
,,,,,,
,,,,,,
,,,,,,
,,,,,,
,,,,,,
,,,,,,
,,,,,,
,,,,,,
,,,,,,
,,,,,,
,,,,,,
,,,,,,
,,,,,,
,,,,,,
,,,,,,
,,,,,,
,,,,,,
,,,,,,
,,,,,,
,,,,,,
,,,,,,
,,,,,,
,,,,,,
,,,,,,
,,,,,,
,,,,,,
,,,,,,
,,,,,,
,,,,,,
,,,,,,
,,,,,,
,,,,,,
,,,,,,
,,,,,,
,,,,,,
,,,,,,
,,,,,,
,,,,,,
,,,,,,
,,,,,,
,,,,,,
,,,,,,
,,,,,,
,,,,,,
,,,,,,
,,,,,,
,,,,,,
,,,,,,
,,,,,,
,,,,,,
,,,,,,
,,,,,,
,,,,,,
,,,,,,
,,,,,,
,,,,,,
,,,,,,
,,,,,,
,,,,,,
,,,,,,
,,,,,,
,,,,,,
,,,,,,
,,,,,,
,,,,,,
,,,,,,
,,,,,,
,,,,,,
,,,,,,
,,,,,,
,,,,,,
,,,,,,
,,,,,,
,,,,,,
,,,,,,
,,,,,,
,,,,,,
,,,,,,
,,,,,,
,,,,,,
,,,,,,
,,,,,,
,,,,,,
,,,,,,
,,,,,,
,,,,,,
,,,,,,
,,,,,,
,,,,,,
,,,,,,
,,,,,,
,,,,,,
,,,,,,
,,,,,,
,,,,,,
,,,,,,
,,,,,,
,,,,,,
,,,,,,
,,,,,,
,,,,,,
,,,,,,
,,,,,,
,,,,,,
,,,,,,
,,,,,,
,,,,,,
,,,,,,
,,,,,,
,,,,,,
,,,,,,
,,,,,,
,,,,,,
,,,,,,
,,,,,,
,,,,,,
,,,,,,
,,,,,,
,,,,,,
,,,,,,
,,,,,,
,,,,,,
,,,,,,
,,,,,,
,,,,,,
,,,,,,
,,,,,,
,,,,,,
,,,,,,
,,,,,,
,,,,,,
,,,,,,
,,,,,,
,,,,,,
,,,,,,
,,,,,,
,,,,,,
,,,,,,
,,,,,,
,,,,,,
,,,,,,
,,,,,,
,,,,,,
,,,,,,
,,,,,,
,,,,,,
,,,,,,
,,,,,,
,,,,,,
,,,,,,
,,,,,,
,,,,,,
,,,,,,
,,,,,,
,,,,,,
,,,,,,
,,,,,,
,,,,,,
,,,,,,
,,,,,,
,,,,,,
,,,,,,
,,,,,,
,,,,,,
,,,,,,
,,,,,,
,,,,,,
,,,,,,
,,,,,,
,,,,,,
,,,,,,
,,,,,,
,,,,,,
,,,,,,
,,,,,,
,,,,,,
,,,,,,
,,,,,,
,,,,,,
,,,,,,
,,,,,,
,,,,,,
,,,,,,
,,,,,,
,,,,,,
,,,,,,
,,,,,,
,,,,,,
,,,,,,
,,,,,,
,,,,,,
,,,,,,
,,,,,,
,,,,,,
,,,,,,
,,,,,,
,,,,,,
,,,,,,
,,,,,,
,,,,,,
,,,,,,
,,,,,,
,,,,,,
,,,,,,
,,,,,,
,,,,,,
,,,,,,
,,,,,,
,,,,,,
,,,,,,
,,,,,,
,,,,,,
,,,,,,
,,,,,,
,,,,,,
,,,,,,
,,,,,,
,,,,,,
,,,,,,
,,,,,,
,,,,,,
,,,,,,
,,,,,,
,,,,,,
,,,,,,
,,,,,,
,,,,,,
,,,,,,
,,,,,,
,,,,,,
,,,,,,
,,,,,,
,,,,,,
,,,,,,
,,,,,,
,,,,,,
,,,,,,
,,,,,,
,,,,,,
,,,,,,
,,,,,,
,,,,,,
,,,,,,
,,,,,,
,,,,,,
,,,,,,
,,,,,,
,,,,,,
,,,,,,
,,,,,,
,,,,,,
,,,,,,
,,,,,,
,,,,,,
,,,,,,
,,,,,,
,,,,,,
,,,,,,
,,,,,,
,,,,,,
,,,,,,
,,,,,,
,,,,,,
,,,,,,
,,,,,,
,,,,,,
,,,,,,
,,,,,,
,,,,,,
,,,,,,
,,,,,,
,,,,,,
,,,,,,
,,,,,,
,,,,,,
,,,,,,
,,,,,,
,,,,,,
,,,,,,
,,,,,,
,,,,,,
,,,,,,
,,,,,,
,,,,,,
,,,,,,
,,,,,,
,,,,,,
,,,,,,
,,,,,,
,,,,,,
,,,,,,
,,,,,,
,,,,,,
,,,,,,
,,,,,,
,,,,,,
,,,,,,
,,,,,,
,,,,,,
,,,,,,
,,,,,,
,,,,,,
,,,,,,
,,,,,,
,,,,,,
,,,,,,
,,,,,,
,,,,,,
,,,,,,
,,,,,,
,,,,,,
,,,,,,
,,,,,,
,,,,,,
,,,,,,
,,,,,,
,,,,,,
,,,,,,
,,,,,,
,,,,,,
,,,,,,
,,,,,,
,,,,,,
,,,,,,
,,,,,,
,,,,,,
,,,,,,
,,,,,,
,,,,,,
,,,,,,
,,,,,,
,,,,,,
,,,,,,
,,,,,,
,,,,,,
,,,,,,
,,,,,,
,,,,,,
,,,,,,
,,,,,,
,,,,,,
,,,,,,
,,,,,,
,,,,,,
,,,,,,
,,,,,,
,,,,,,
,,,,,,
,,,,,,
,,,,,,
,,,,,,
,,,,,,
,,,,,,
,,,,,,
,,,,,,
,,,,,,
,,,,,,
,,,,,,
,,,,,,
,,,,,,
,,,,,,
,,,,,,
,,,,,,
,,,,,,
,,,,,,
,,,,,,
,,,,,,
,,,,,,
,,,,,,
,,,,,,
,,,,,,
,,,,,,
,,,,,,
,,,,,,
,,,,,,
,,,,,,
,,,,,,
,,,,,,
,,,,,,
,,,,,,
,,,,,,
,,,,,,
,,,,,,
,,,,,,
,,,,,,
,,,,,,
,,,,,,
,,,,,,
,,,,,,
,,,,,,
,,,,,,
,,,,,,
,,,,,,
,,,,,,
,,,,,,
,,,,,,
,,,,,,
,,,,,,
,,,,,,
,,,,,,
,,,,,,
,,,,,,
,,,,,,
,,,,,,
,,,,,,
,,,,,,
,,,,,,
,,,,,,
,,,,,,
,,,,,,
,,,,,,
,,,,,,
,,,,,,
,,,,,,
,,,,,,
,,,,,,
,,,,,,
,,,,,,
,,,,,,
,,,,,,
,,,,,,
,,,,,,
,,,,,,
,,,,,,
,,,,,,
,,,,,,
,,,,,,
,,,,,,
,,,,,,
,,,,,,
,,,,,,
,,,,,,
,,,,,,
,,,,,,
,,,,,,
,,,,,,
,,,,,,
,,,,,,
,,,,,,
,,,,,,
,,,,,,
,,,,,,
,,,,,,
,,,,,,
,,,,,,
,,,,,,
,,,,,,
,,,,,,
,,,,,,
,,,,,,
,,,,,,
,,,,,,
,,,,,,
,,,,,,
,,,,,,
,,,,,,
,,,,,,
,,,,,,
,,,,,,
,,,,,,
,,,,,,
,,,,,,
,,,,,,
,,,,,,
,,,,,,
,,,,,,
,,,,,,
,,,,,,
,,,,,,
,,,,,,
,,,,,,
,,,,,,
,,,,,,
,,,,,,
